new_id,old_id,dataset_id,subject_id,session_id,session_num,run,age,sex,edu_years,diagnosis,bno_code,years_scz,task_label,task_name,task_description,eyes_condition,sampling_rate_hz,powerline_freq_hz,recording_duration_sec,n_timepoints,recording_type,n_total_channels,n_eeg_channels,n_other_channels,channel_types_tsv,channel_unit,channel_names,eeg_reference,eeg_ground,eeg_placement_scheme,software_filters,hardware_filters,cap_manufacturer,cap_model,institution,file_name,file_extension,file_path_raw,subject_dir,eeg_json_path,channels_tsv_path,table_generated_at
0001,sch_002,scz,sch_002,,,,34,M,16,scz,F2010,10,RestEC,Resting State Eyes Closed,2-minute eyes-closed resting-state EEG (Racz et al. 2025),closed,1000.0,50,121.7,121700,continuous,69,64,5,ECG:1;EEG:64;EMG:1;EOG:2;STIM:1,µV:69,FP1;FPZ;FP2;AF3;AF4;F7;F5;F3;F1;FZ;F2;F4;F6;F8;FT7;FC5;FC3;FC1;FCZ;FC2;FC4;FC6;FT8;T7;C5;C3;C1;CZ;C2;C4;C6;T8;M1;TP7;CP5;CP3;CP1;CPZ;CP2;CP4;CP6;TP8;M2;P7;P5;P3;P1;PZ;P2;P4;P6;P8;PO7;PO5;PO3;POZ;PO4;PO6;PO8;CB1;O1;OZ;O2;CB2,Linked mastoids (M1/M2),,standard_1020,n/a,,Neuroscan,SynAmps,"University of Pécs, Hungary",sch_002_ec.dat,.dat,/work/gokul/ssl-eeg/code/data/orig_data/scz/sch_resting_64ch_ec/sch_002_ec.dat,/work/gokul/ssl-eeg/code/data/orig_data/scz/sch_resting_64ch_ec,,,2026-06-18T11:18:33
0002,sch_003,scz,sch_003,,,,41,F,18,scz,F2000,11,RestEC,Resting State Eyes Closed,2-minute eyes-closed resting-state EEG (Racz et al. 2025),closed,1000.0,50,120.5,120500,continuous,69,64,5,ECG:1;EEG:64;EMG:1;EOG:2;STIM:1,µV:69,FP1;FPZ;FP2;AF3;AF4;F7;F5;F3;F1;FZ;F2;F4;F6;F8;FT7;FC5;FC3;FC1;FCZ;FC2;FC4;FC6;FT8;T7;C5;C3;C1;CZ;C2;C4;C6;T8;M1;TP7;CP5;CP3;CP1;CPZ;CP2;CP4;CP6;TP8;M2;P7;P5;P3;P1;PZ;P2;P4;P6;P8;PO7;PO5;PO3;POZ;PO4;PO6;PO8;CB1;O1;OZ;O2;CB2,Linked mastoids (M1/M2),,standard_1020,n/a,,Neuroscan,SynAmps,"University of Pécs, Hungary",sch_003_ec.dat,.dat,/work/gokul/ssl-eeg/code/data/orig_data/scz/sch_resting_64ch_ec/sch_003_ec.dat,/work/gokul/ssl-eeg/code/data/orig_data/scz/sch_resting_64ch_ec,,,2026-06-18T11:18:33
0003,sch_004,scz,sch_004,,,,33,M,14,scz,"F2520, F2010",14,RestEC,Resting State Eyes Closed,2-minute eyes-closed resting-state EEG (Racz et al. 2025),closed,1000.0,50,120.5,120500,continuous,69,64,5,ECG:1;EEG:64;EMG:1;EOG:2;STIM:1,µV:69,FP1;FPZ;FP2;AF3;AF4;F7;F5;F3;F1;FZ;F2;F4;F6;F8;FT7;FC5;FC3;FC1;FCZ;FC2;FC4;FC6;FT8;T7;C5;C3;C1;CZ;C2;C4;C6;T8;M1;TP7;CP5;CP3;CP1;CPZ;CP2;CP4;CP6;TP8;M2;P7;P5;P3;P1;PZ;P2;P4;P6;P8;PO7;PO5;PO3;POZ;PO4;PO6;PO8;CB1;O1;OZ;O2;CB2,Linked mastoids (M1/M2),,standard_1020,n/a,,Neuroscan,SynAmps,"University of Pécs, Hungary",sch_004_ec.dat,.dat,/work/gokul/ssl-eeg/code/data/orig_data/scz/sch_resting_64ch_ec/sch_004_ec.dat,/work/gokul/ssl-eeg/code/data/orig_data/scz/sch_resting_64ch_ec,,,2026-06-18T11:18:33
0004,sch_005,scz,sch_005,,,,37,M,18,control,F2520,14,RestEC,Resting State Eyes Closed,2-minute eyes-closed resting-state EEG (Racz et al. 2025),closed,1000.0,50,120.7,120700,continuous,69,64,5,ECG:1;EEG:64;EMG:1;EOG:2;STIM:1,µV:69,FP1;FPZ;FP2;AF3;AF4;F7;F5;F3;F1;FZ;F2;F4;F6;F8;FT7;FC5;FC3;FC1;FCZ;FC2;FC4;FC6;FT8;T7;C5;C3;C1;CZ;C2;C4;C6;T8;M1;TP7;CP5;CP3;CP1;CPZ;CP2;CP4;CP6;TP8;M2;P7;P5;P3;P1;PZ;P2;P4;P6;P8;PO7;PO5;PO3;POZ;PO4;PO6;PO8;CB1;O1;OZ;O2;CB2,Linked mastoids (M1/M2),,standard_1020,n/a,,Neuroscan,SynAmps,"University of Pécs, Hungary",sch_005_ec.dat,.dat,/work/gokul/ssl-eeg/code/data/orig_data/scz/sch_resting_64ch_ec/sch_005_ec.dat,/work/gokul/ssl-eeg/code/data/orig_data/scz/sch_resting_64ch_ec,,,2026-06-18T11:18:33
0005,sch_006,scz,sch_006,,,,42,F,13,control,F2520,26,RestEC,Resting State Eyes Closed,2-minute eyes-closed resting-state EEG (Racz et al. 2025),closed,1000.0,50,125.3,125300,continuous,69,64,5,ECG:1;EEG:64;EMG:1;EOG:2;STIM:1,µV:69,FP1;FPZ;FP2;AF3;AF4;F7;F5;F3;F1;FZ;F2;F4;F6;F8;FT7;FC5;FC3;FC1;FCZ;FC2;FC4;FC6;FT8;T7;C5;C3;C1;CZ;C2;C4;C6;T8;M1;TP7;CP5;CP3;CP1;CPZ;CP2;CP4;CP6;TP8;M2;P7;P5;P3;P1;PZ;P2;P4;P6;P8;PO7;PO5;PO3;POZ;PO4;PO6;PO8;CB1;O1;OZ;O2;CB2,Linked mastoids (M1/M2),,standard_1020,n/a,,Neuroscan,SynAmps,"University of Pécs, Hungary",sch_006_ec.dat,.dat,/work/gokul/ssl-eeg/code/data/orig_data/scz/sch_resting_64ch_ec/sch_006_ec.dat,/work/gokul/ssl-eeg/code/data/orig_data/scz/sch_resting_64ch_ec,,,2026-06-18T11:18:33
0006,sch_007,scz,sch_007,,,,32,F,16,scz,F2010,8,RestEC,Resting State Eyes Closed,2-minute eyes-closed resting-state EEG (Racz et al. 2025),closed,1000.0,50,124.1,124100,continuous,69,64,5,ECG:1;EEG:64;EMG:1;EOG:2;STIM:1,µV:69,FP1;FPZ;FP2;AF3;AF4;F7;F5;F3;F1;FZ;F2;F4;F6;F8;FT7;FC5;FC3;FC1;FCZ;FC2;FC4;FC6;FT8;T7;C5;C3;C1;CZ;C2;C4;C6;T8;M1;TP7;CP5;CP3;CP1;CPZ;CP2;CP4;CP6;TP8;M2;P7;P5;P3;P1;PZ;P2;P4;P6;P8;PO7;PO5;PO3;POZ;PO4;PO6;PO8;CB1;O1;OZ;O2;CB2,Linked mastoids (M1/M2),,standard_1020,n/a,,Neuroscan,SynAmps,"University of Pécs, Hungary",sch_007_ec.dat,.dat,/work/gokul/ssl-eeg/code/data/orig_data/scz/sch_resting_64ch_ec/sch_007_ec.dat,/work/gokul/ssl-eeg/code/data/orig_data/scz/sch_resting_64ch_ec,,,2026-06-18T11:18:33
0007,sch_008,scz,sch_008,,,,45,M,14.5,scz,F2020,21,RestEC,Resting State Eyes Closed,2-minute eyes-closed resting-state EEG (Racz et al. 2025),closed,1000.0,50,121.7,121700,continuous,69,64,5,ECG:1;EEG:64;EMG:1;EOG:2;STIM:1,µV:69,FP1;FPZ;FP2;AF3;AF4;F7;F5;F3;F1;FZ;F2;F4;F6;F8;FT7;FC5;FC3;FC1;FCZ;FC2;FC4;FC6;FT8;T7;C5;C3;C1;CZ;C2;C4;C6;T8;M1;TP7;CP5;CP3;CP1;CPZ;CP2;CP4;CP6;TP8;M2;P7;P5;P3;P1;PZ;P2;P4;P6;P8;PO7;PO5;PO3;POZ;PO4;PO6;PO8;CB1;O1;OZ;O2;CB2,Linked mastoids (M1/M2),,standard_1020,n/a,,Neuroscan,SynAmps,"University of Pécs, Hungary",sch_008_ec.dat,.dat,/work/gokul/ssl-eeg/code/data/orig_data/scz/sch_resting_64ch_ec/sch_008_ec.dat,/work/gokul/ssl-eeg/code/data/orig_data/scz/sch_resting_64ch_ec,,,2026-06-18T11:18:33
0008,sch_009,scz,sch_009,,,,45,F,15,scz,F2000,4,RestEC,Resting State Eyes Closed,2-minute eyes-closed resting-state EEG (Racz et al. 2025),closed,1000.0,50,118.8,118800,continuous,69,64,5,ECG:1;EEG:64;EMG:1;EOG:2;STIM:1,µV:69,FP1;FPZ;FP2;AF3;AF4;F7;F5;F3;F1;FZ;F2;F4;F6;F8;FT7;FC5;FC3;FC1;FCZ;FC2;FC4;FC6;FT8;T7;C5;C3;C1;CZ;C2;C4;C6;T8;M1;TP7;CP5;CP3;CP1;CPZ;CP2;CP4;CP6;TP8;M2;P7;P5;P3;P1;PZ;P2;P4;P6;P8;PO7;PO5;PO3;POZ;PO4;PO6;PO8;CB1;O1;OZ;O2;CB2,Linked mastoids (M1/M2),,standard_1020,n/a,,Neuroscan,SynAmps,"University of Pécs, Hungary",sch_009_ec.dat,.dat,/work/gokul/ssl-eeg/code/data/orig_data/scz/sch_resting_64ch_ec/sch_009_ec.dat,/work/gokul/ssl-eeg/code/data/orig_data/scz/sch_resting_64ch_ec,,,2026-06-18T11:18:33
0009,sch_012,scz,sch_012,,,,30,M,11.5,scz,F2000,5,RestEC,Resting State Eyes Closed,2-minute eyes-closed resting-state EEG (Racz et al. 2025),closed,1000.0,50,120.7,120700,continuous,69,64,5,ECG:1;EEG:64;EMG:1;EOG:2;STIM:1,µV:69,FP1;FPZ;FP2;AF3;AF4;F7;F5;F3;F1;FZ;F2;F4;F6;F8;FT7;FC5;FC3;FC1;FCZ;FC2;FC4;FC6;FT8;T7;C5;C3;C1;CZ;C2;C4;C6;T8;M1;TP7;CP5;CP3;CP1;CPZ;CP2;CP4;CP6;TP8;M2;P7;P5;P3;P1;PZ;P2;P4;P6;P8;PO7;PO5;PO3;POZ;PO4;PO6;PO8;CB1;O1;OZ;O2;CB2,Linked mastoids (M1/M2),,standard_1020,n/a,,Neuroscan,SynAmps,"University of Pécs, Hungary",sch_012_ec.dat,.dat,/work/gokul/ssl-eeg/code/data/orig_data/scz/sch_resting_64ch_ec/sch_012_ec.dat,/work/gokul/ssl-eeg/code/data/orig_data/scz/sch_resting_64ch_ec,,,2026-06-18T11:18:33
0010,sch_013,scz,sch_013,,,,32,M,12,scz,F2000,7,RestEC,Resting State Eyes Closed,2-minute eyes-closed resting-state EEG (Racz et al. 2025),closed,1000.0,50,120.7,120700,continuous,69,64,5,ECG:1;EEG:64;EMG:1;EOG:2;STIM:1,µV:69,FP1;FPZ;FP2;AF3;AF4;F7;F5;F3;F1;FZ;F2;F4;F6;F8;FT7;FC5;FC3;FC1;FCZ;FC2;FC4;FC6;FT8;T7;C5;C3;C1;CZ;C2;C4;C6;T8;M1;TP7;CP5;CP3;CP1;CPZ;CP2;CP4;CP6;TP8;M2;P7;P5;P3;P1;PZ;P2;P4;P6;P8;PO7;PO5;PO3;POZ;PO4;PO6;PO8;CB1;O1;OZ;O2;CB2,Linked mastoids (M1/M2),,standard_1020,n/a,,Neuroscan,SynAmps,"University of Pécs, Hungary",sch_013_ec.dat,.dat,/work/gokul/ssl-eeg/code/data/orig_data/scz/sch_resting_64ch_ec/sch_013_ec.dat,/work/gokul/ssl-eeg/code/data/orig_data/scz/sch_resting_64ch_ec,,,2026-06-18T11:18:33
0011,sch_014,scz,sch_014,,,,39,M,16,scz,F2020,19,RestEC,Resting State Eyes Closed,2-minute eyes-closed resting-state EEG (Racz et al. 2025),closed,1000.0,50,120.6,120600,continuous,69,64,5,ECG:1;EEG:64;EMG:1;EOG:2;STIM:1,µV:69,FP1;FPZ;FP2;AF3;AF4;F7;F5;F3;F1;FZ;F2;F4;F6;F8;FT7;FC5;FC3;FC1;FCZ;FC2;FC4;FC6;FT8;T7;C5;C3;C1;CZ;C2;C4;C6;T8;M1;TP7;CP5;CP3;CP1;CPZ;CP2;CP4;CP6;TP8;M2;P7;P5;P3;P1;PZ;P2;P4;P6;P8;PO7;PO5;PO3;POZ;PO4;PO6;PO8;CB1;O1;OZ;O2;CB2,Linked mastoids (M1/M2),,standard_1020,n/a,,Neuroscan,SynAmps,"University of Pécs, Hungary",sch_014_ec.dat,.dat,/work/gokul/ssl-eeg/code/data/orig_data/scz/sch_resting_64ch_ec/sch_014_ec.dat,/work/gokul/ssl-eeg/code/data/orig_data/scz/sch_resting_64ch_ec,,,2026-06-18T11:18:33
0012,sch_016,scz,sch_016,,,,32,M,18,control,F2520,3,RestEC,Resting State Eyes Closed,2-minute eyes-closed resting-state EEG (Racz et al. 2025),closed,1000.0,50,122.0,122000,continuous,69,64,5,ECG:1;EEG:64;EMG:1;EOG:2;STIM:1,µV:69,FP1;FPZ;FP2;AF3;AF4;F7;F5;F3;F1;FZ;F2;F4;F6;F8;FT7;FC5;FC3;FC1;FCZ;FC2;FC4;FC6;FT8;T7;C5;C3;C1;CZ;C2;C4;C6;T8;M1;TP7;CP5;CP3;CP1;CPZ;CP2;CP4;CP6;TP8;M2;P7;P5;P3;P1;PZ;P2;P4;P6;P8;PO7;PO5;PO3;POZ;PO4;PO6;PO8;CB1;O1;OZ;O2;CB2,Linked mastoids (M1/M2),,standard_1020,n/a,,Neuroscan,SynAmps,"University of Pécs, Hungary",sch_016_ec.dat,.dat,/work/gokul/ssl-eeg/code/data/orig_data/scz/sch_resting_64ch_ec/sch_016_ec.dat,/work/gokul/ssl-eeg/code/data/orig_data/scz/sch_resting_64ch_ec,,,2026-06-18T11:18:33
0013,sch_018,scz,sch_018,,,,29,M,14,scz,F2010,13,RestEC,Resting State Eyes Closed,2-minute eyes-closed resting-state EEG (Racz et al. 2025),closed,1000.0,50,120.8,120800,continuous,69,64,5,ECG:1;EEG:64;EMG:1;EOG:2;STIM:1,µV:69,FP1;FPZ;FP2;AF3;AF4;F7;F5;F3;F1;FZ;F2;F4;F6;F8;FT7;FC5;FC3;FC1;FCZ;FC2;FC4;FC6;FT8;T7;C5;C3;C1;CZ;C2;C4;C6;T8;M1;TP7;CP5;CP3;CP1;CPZ;CP2;CP4;CP6;TP8;M2;P7;P5;P3;P1;PZ;P2;P4;P6;P8;PO7;PO5;PO3;POZ;PO4;PO6;PO8;CB1;O1;OZ;O2;CB2,Linked mastoids (M1/M2),,standard_1020,n/a,,Neuroscan,SynAmps,"University of Pécs, Hungary",sch_018_ec.dat,.dat,/work/gokul/ssl-eeg/code/data/orig_data/scz/sch_resting_64ch_ec/sch_018_ec.dat,/work/gokul/ssl-eeg/code/data/orig_data/scz/sch_resting_64ch_ec,,,2026-06-18T11:18:33
0014,sch_021,scz,sch_021,,,,27,M,17,scz,F2020,10,RestEC,Resting State Eyes Closed,2-minute eyes-closed resting-state EEG (Racz et al. 2025),closed,1000.0,50,121.7,121700,continuous,69,64,5,ECG:1;EEG:64;EMG:1;EOG:2;STIM:1,µV:69,FP1;FPZ;FP2;AF3;AF4;F7;F5;F3;F1;FZ;F2;F4;F6;F8;FT7;FC5;FC3;FC1;FCZ;FC2;FC4;FC6;FT8;T7;C5;C3;C1;CZ;C2;C4;C6;T8;M1;TP7;CP5;CP3;CP1;CPZ;CP2;CP4;CP6;TP8;M2;P7;P5;P3;P1;PZ;P2;P4;P6;P8;PO7;PO5;PO3;POZ;PO4;PO6;PO8;CB1;O1;OZ;O2;CB2,Linked mastoids (M1/M2),,standard_1020,n/a,,Neuroscan,SynAmps,"University of Pécs, Hungary",sch_021_ec.dat,.dat,/work/gokul/ssl-eeg/code/data/orig_data/scz/sch_resting_64ch_ec/sch_021_ec.dat,/work/gokul/ssl-eeg/code/data/orig_data/scz/sch_resting_64ch_ec,,,2026-06-18T11:18:33
0015,sch_022,scz,sch_022,,,,47,F,18,scz,F2010,24,RestEC,Resting State Eyes Closed,2-minute eyes-closed resting-state EEG (Racz et al. 2025),closed,1000.0,50,120.5,120500,continuous,69,64,5,ECG:1;EEG:64;EMG:1;EOG:2;STIM:1,µV:69,FP1;FPZ;FP2;AF3;AF4;F7;F5;F3;F1;FZ;F2;F4;F6;F8;FT7;FC5;FC3;FC1;FCZ;FC2;FC4;FC6;FT8;T7;C5;C3;C1;CZ;C2;C4;C6;T8;M1;TP7;CP5;CP3;CP1;CPZ;CP2;CP4;CP6;TP8;M2;P7;P5;P3;P1;PZ;P2;P4;P6;P8;PO7;PO5;PO3;POZ;PO4;PO6;PO8;CB1;O1;OZ;O2;CB2,Linked mastoids (M1/M2),,standard_1020,n/a,,Neuroscan,SynAmps,"University of Pécs, Hungary",sch_022_ec.dat,.dat,/work/gokul/ssl-eeg/code/data/orig_data/scz/sch_resting_64ch_ec/sch_022_ec.dat,/work/gokul/ssl-eeg/code/data/orig_data/scz/sch_resting_64ch_ec,,,2026-06-18T11:18:33
0016,sch_023,scz,sch_023,,,,30,F,18,control,NMDA,1,RestEC,Resting State Eyes Closed,2-minute eyes-closed resting-state EEG (Racz et al. 2025),closed,1000.0,50,120.7,120700,continuous,69,64,5,ECG:1;EEG:64;EMG:1;EOG:2;STIM:1,µV:69,FP1;FPZ;FP2;AF3;AF4;F7;F5;F3;F1;FZ;F2;F4;F6;F8;FT7;FC5;FC3;FC1;FCZ;FC2;FC4;FC6;FT8;T7;C5;C3;C1;CZ;C2;C4;C6;T8;M1;TP7;CP5;CP3;CP1;CPZ;CP2;CP4;CP6;TP8;M2;P7;P5;P3;P1;PZ;P2;P4;P6;P8;PO7;PO5;PO3;POZ;PO4;PO6;PO8;CB1;O1;OZ;O2;CB2,Linked mastoids (M1/M2),,standard_1020,n/a,,Neuroscan,SynAmps,"University of Pécs, Hungary",sch_023_ec.dat,.dat,/work/gokul/ssl-eeg/code/data/orig_data/scz/sch_resting_64ch_ec/sch_023_ec.dat,/work/gokul/ssl-eeg/code/data/orig_data/scz/sch_resting_64ch_ec,,,2026-06-18T11:18:33
0017,sch_025,scz,sch_025,,,,59,M,12,scz,F2020,0,RestEC,Resting State Eyes Closed,2-minute eyes-closed resting-state EEG (Racz et al. 2025),closed,1000.0,50,120.7,120700,continuous,69,64,5,ECG:1;EEG:64;EMG:1;EOG:2;STIM:1,µV:69,FP1;FPZ;FP2;AF3;AF4;F7;F5;F3;F1;FZ;F2;F4;F6;F8;FT7;FC5;FC3;FC1;FCZ;FC2;FC4;FC6;FT8;T7;C5;C3;C1;CZ;C2;C4;C6;T8;M1;TP7;CP5;CP3;CP1;CPZ;CP2;CP4;CP6;TP8;M2;P7;P5;P3;P1;PZ;P2;P4;P6;P8;PO7;PO5;PO3;POZ;PO4;PO6;PO8;CB1;O1;OZ;O2;CB2,Linked mastoids (M1/M2),,standard_1020,n/a,,Neuroscan,SynAmps,"University of Pécs, Hungary",sch_025_ec.dat,.dat,/work/gokul/ssl-eeg/code/data/orig_data/scz/sch_resting_64ch_ec/sch_025_ec.dat,/work/gokul/ssl-eeg/code/data/orig_data/scz/sch_resting_64ch_ec,,,2026-06-18T11:18:33
0018,sch_026,scz,sch_026,,,,18,F,10,scz,F2010,0,RestEC,Resting State Eyes Closed,2-minute eyes-closed resting-state EEG (Racz et al. 2025),closed,1000.0,50,120.4,120400,continuous,69,64,5,ECG:1;EEG:64;EMG:1;EOG:2;STIM:1,µV:69,FP1;FPZ;FP2;AF3;AF4;F7;F5;F3;F1;FZ;F2;F4;F6;F8;FT7;FC5;FC3;FC1;FCZ;FC2;FC4;FC6;FT8;T7;C5;C3;C1;CZ;C2;C4;C6;T8;M1;TP7;CP5;CP3;CP1;CPZ;CP2;CP4;CP6;TP8;M2;P7;P5;P3;P1;PZ;P2;P4;P6;P8;PO7;PO5;PO3;POZ;PO4;PO6;PO8;CB1;O1;OZ;O2;CB2,Linked mastoids (M1/M2),,standard_1020,n/a,,Neuroscan,SynAmps,"University of Pécs, Hungary",sch_026_ec.dat,.dat,/work/gokul/ssl-eeg/code/data/orig_data/scz/sch_resting_64ch_ec/sch_026_ec.dat,/work/gokul/ssl-eeg/code/data/orig_data/scz/sch_resting_64ch_ec,,,2026-06-18T11:18:33
0019,sch_027,scz,sch_027,,,,30,F,18,scz,F2010,3,RestEC,Resting State Eyes Closed,2-minute eyes-closed resting-state EEG (Racz et al. 2025),closed,1000.0,50,120.8,120800,continuous,69,64,5,ECG:1;EEG:64;EMG:1;EOG:2;STIM:1,µV:69,FP1;FPZ;FP2;AF3;AF4;F7;F5;F3;F1;FZ;F2;F4;F6;F8;FT7;FC5;FC3;FC1;FCZ;FC2;FC4;FC6;FT8;T7;C5;C3;C1;CZ;C2;C4;C6;T8;M1;TP7;CP5;CP3;CP1;CPZ;CP2;CP4;CP6;TP8;M2;P7;P5;P3;P1;PZ;P2;P4;P6;P8;PO7;PO5;PO3;POZ;PO4;PO6;PO8;CB1;O1;OZ;O2;CB2,Linked mastoids (M1/M2),,standard_1020,n/a,,Neuroscan,SynAmps,"University of Pécs, Hungary",sch_027_ec.dat,.dat,/work/gokul/ssl-eeg/code/data/orig_data/scz/sch_resting_64ch_ec/sch_027_ec.dat,/work/gokul/ssl-eeg/code/data/orig_data/scz/sch_resting_64ch_ec,,,2026-06-18T11:18:33
0020,sch_028,scz,sch_028,,,,38,M,16,scz,F2000,11,RestEC,Resting State Eyes Closed,2-minute eyes-closed resting-state EEG (Racz et al. 2025),closed,1000.0,50,120.5,120500,continuous,69,64,5,ECG:1;EEG:64;EMG:1;EOG:2;STIM:1,µV:69,FP1;FPZ;FP2;AF3;AF4;F7;F5;F3;F1;FZ;F2;F4;F6;F8;FT7;FC5;FC3;FC1;FCZ;FC2;FC4;FC6;FT8;T7;C5;C3;C1;CZ;C2;C4;C6;T8;M1;TP7;CP5;CP3;CP1;CPZ;CP2;CP4;CP6;TP8;M2;P7;P5;P3;P1;PZ;P2;P4;P6;P8;PO7;PO5;PO3;POZ;PO4;PO6;PO8;CB1;O1;OZ;O2;CB2,Linked mastoids (M1/M2),,standard_1020,n/a,,Neuroscan,SynAmps,"University of Pécs, Hungary",sch_028_ec.dat,.dat,/work/gokul/ssl-eeg/code/data/orig_data/scz/sch_resting_64ch_ec/sch_028_ec.dat,/work/gokul/ssl-eeg/code/data/orig_data/scz/sch_resting_64ch_ec,,,2026-06-18T11:18:33
0021,sch_029,scz,sch_029,,,,29,M,14,scz,F2010,2,RestEC,Resting State Eyes Closed,2-minute eyes-closed resting-state EEG (Racz et al. 2025),closed,1000.0,50,120.4,120400,continuous,69,64,5,ECG:1;EEG:64;EMG:1;EOG:2;STIM:1,µV:69,FP1;FPZ;FP2;AF3;AF4;F7;F5;F3;F1;FZ;F2;F4;F6;F8;FT7;FC5;FC3;FC1;FCZ;FC2;FC4;FC6;FT8;T7;C5;C3;C1;CZ;C2;C4;C6;T8;M1;TP7;CP5;CP3;CP1;CPZ;CP2;CP4;CP6;TP8;M2;P7;P5;P3;P1;PZ;P2;P4;P6;P8;PO7;PO5;PO3;POZ;PO4;PO6;PO8;CB1;O1;OZ;O2;CB2,Linked mastoids (M1/M2),,standard_1020,n/a,,Neuroscan,SynAmps,"University of Pécs, Hungary",sch_029_ec.dat,.dat,/work/gokul/ssl-eeg/code/data/orig_data/scz/sch_resting_64ch_ec/sch_029_ec.dat,/work/gokul/ssl-eeg/code/data/orig_data/scz/sch_resting_64ch_ec,,,2026-06-18T11:18:33
0022,sch_030,scz,sch_030,,,,20,M,8,scz,F2010,1,RestEC,Resting State Eyes Closed,2-minute eyes-closed resting-state EEG (Racz et al. 2025),closed,1000.0,50,120.5,120500,continuous,69,64,5,ECG:1;EEG:64;EMG:1;EOG:2;STIM:1,µV:69,FP1;FPZ;FP2;AF3;AF4;F7;F5;F3;F1;FZ;F2;F4;F6;F8;FT7;FC5;FC3;FC1;FCZ;FC2;FC4;FC6;FT8;T7;C5;C3;C1;CZ;C2;C4;C6;T8;M1;TP7;CP5;CP3;CP1;CPZ;CP2;CP4;CP6;TP8;M2;P7;P5;P3;P1;PZ;P2;P4;P6;P8;PO7;PO5;PO3;POZ;PO4;PO6;PO8;CB1;O1;OZ;O2;CB2,Linked mastoids (M1/M2),,standard_1020,n/a,,Neuroscan,SynAmps,"University of Pécs, Hungary",sch_030_ec.dat,.dat,/work/gokul/ssl-eeg/code/data/orig_data/scz/sch_resting_64ch_ec/sch_030_ec.dat,/work/gokul/ssl-eeg/code/data/orig_data/scz/sch_resting_64ch_ec,,,2026-06-18T11:18:33
0023,sch_031,scz,sch_031,,,,24,M,16,control,F2500,2,RestEC,Resting State Eyes Closed,2-minute eyes-closed resting-state EEG (Racz et al. 2025),closed,1000.0,50,120.4,120400,continuous,69,64,5,ECG:1;EEG:64;EMG:1;EOG:2;STIM:1,µV:69,FP1;FPZ;FP2;AF3;AF4;F7;F5;F3;F1;FZ;F2;F4;F6;F8;FT7;FC5;FC3;FC1;FCZ;FC2;FC4;FC6;FT8;T7;C5;C3;C1;CZ;C2;C4;C6;T8;M1;TP7;CP5;CP3;CP1;CPZ;CP2;CP4;CP6;TP8;M2;P7;P5;P3;P1;PZ;P2;P4;P6;P8;PO7;PO5;PO3;POZ;PO4;PO6;PO8;CB1;O1;OZ;O2;CB2,Linked mastoids (M1/M2),,standard_1020,n/a,,Neuroscan,SynAmps,"University of Pécs, Hungary",sch_031_ec.dat,.dat,/work/gokul/ssl-eeg/code/data/orig_data/scz/sch_resting_64ch_ec/sch_031_ec.dat,/work/gokul/ssl-eeg/code/data/orig_data/scz/sch_resting_64ch_ec,,,2026-06-18T11:18:33
0024,sch_033,scz,sch_033,,,,65,F,12,scz,F2000,28,RestEC,Resting State Eyes Closed,2-minute eyes-closed resting-state EEG (Racz et al. 2025),closed,1000.0,50,303.6,303600,continuous,69,64,5,ECG:1;EEG:64;EMG:1;EOG:2;STIM:1,µV:69,FP1;FPZ;FP2;AF3;AF4;F7;F5;F3;F1;FZ;F2;F4;F6;F8;FT7;FC5;FC3;FC1;FCZ;FC2;FC4;FC6;FT8;T7;C5;C3;C1;CZ;C2;C4;C6;T8;M1;TP7;CP5;CP3;CP1;CPZ;CP2;CP4;CP6;TP8;M2;P7;P5;P3;P1;PZ;P2;P4;P6;P8;PO7;PO5;PO3;POZ;PO4;PO6;PO8;CB1;O1;OZ;O2;CB2,Linked mastoids (M1/M2),,standard_1020,n/a,,Neuroscan,SynAmps,"University of Pécs, Hungary",sch_033_ec.dat,.dat,/work/gokul/ssl-eeg/code/data/orig_data/scz/sch_resting_64ch_ec/sch_033_ec.dat,/work/gokul/ssl-eeg/code/data/orig_data/scz/sch_resting_64ch_ec,,,2026-06-18T11:18:33
0025,sch_034,scz,sch_034,,,,26,M,17,scz,F2010,0,RestEC,Resting State Eyes Closed,2-minute eyes-closed resting-state EEG (Racz et al. 2025),closed,1000.0,50,300.6,300600,continuous,69,64,5,ECG:1;EEG:64;EMG:1;EOG:2;STIM:1,µV:69,FP1;FPZ;FP2;AF3;AF4;F7;F5;F3;F1;FZ;F2;F4;F6;F8;FT7;FC5;FC3;FC1;FCZ;FC2;FC4;FC6;FT8;T7;C5;C3;C1;CZ;C2;C4;C6;T8;M1;TP7;CP5;CP3;CP1;CPZ;CP2;CP4;CP6;TP8;M2;P7;P5;P3;P1;PZ;P2;P4;P6;P8;PO7;PO5;PO3;POZ;PO4;PO6;PO8;CB1;O1;OZ;O2;CB2,Linked mastoids (M1/M2),,standard_1020,n/a,,Neuroscan,SynAmps,"University of Pécs, Hungary",sch_034_ec.dat,.dat,/work/gokul/ssl-eeg/code/data/orig_data/scz/sch_resting_64ch_ec/sch_034_ec.dat,/work/gokul/ssl-eeg/code/data/orig_data/scz/sch_resting_64ch_ec,,,2026-06-18T11:18:33
0026,sch_035,scz,sch_035,,,,35,F,10,scz,F2000,15,RestEC,Resting State Eyes Closed,2-minute eyes-closed resting-state EEG (Racz et al. 2025),closed,1000.0,50,120.4,120400,continuous,69,64,5,ECG:1;EEG:64;EMG:1;EOG:2;STIM:1,µV:69,FP1;FPZ;FP2;AF3;AF4;F7;F5;F3;F1;FZ;F2;F4;F6;F8;FT7;FC5;FC3;FC1;FCZ;FC2;FC4;FC6;FT8;T7;C5;C3;C1;CZ;C2;C4;C6;T8;M1;TP7;CP5;CP3;CP1;CPZ;CP2;CP4;CP6;TP8;M2;P7;P5;P3;P1;PZ;P2;P4;P6;P8;PO7;PO5;PO3;POZ;PO4;PO6;PO8;CB1;O1;OZ;O2;CB2,Linked mastoids (M1/M2),,standard_1020,n/a,,Neuroscan,SynAmps,"University of Pécs, Hungary",sch_035_ec.dat,.dat,/work/gokul/ssl-eeg/code/data/orig_data/scz/sch_resting_64ch_ec/sch_035_ec.dat,/work/gokul/ssl-eeg/code/data/orig_data/scz/sch_resting_64ch_ec,,,2026-06-18T11:18:33
0027,sch_036,scz,sch_036,,,,32,F,18,scz,F2010,0,RestEC,Resting State Eyes Closed,2-minute eyes-closed resting-state EEG (Racz et al. 2025),closed,1000.0,50,304.2,304200,continuous,69,64,5,ECG:1;EEG:64;EMG:1;EOG:2;STIM:1,µV:69,FP1;FPZ;FP2;AF3;AF4;F7;F5;F3;F1;FZ;F2;F4;F6;F8;FT7;FC5;FC3;FC1;FCZ;FC2;FC4;FC6;FT8;T7;C5;C3;C1;CZ;C2;C4;C6;T8;M1;TP7;CP5;CP3;CP1;CPZ;CP2;CP4;CP6;TP8;M2;P7;P5;P3;P1;PZ;P2;P4;P6;P8;PO7;PO5;PO3;POZ;PO4;PO6;PO8;CB1;O1;OZ;O2;CB2,Linked mastoids (M1/M2),,standard_1020,n/a,,Neuroscan,SynAmps,"University of Pécs, Hungary",sch_036_ec.dat,.dat,/work/gokul/ssl-eeg/code/data/orig_data/scz/sch_resting_64ch_ec/sch_036_ec.dat,/work/gokul/ssl-eeg/code/data/orig_data/scz/sch_resting_64ch_ec,,,2026-06-18T11:18:33
0028,sch_037,scz,sch_037,,,,19,F,11,scz,F2010,0,RestEC,Resting State Eyes Closed,2-minute eyes-closed resting-state EEG (Racz et al. 2025),closed,1000.0,50,120.4,120400,continuous,69,64,5,ECG:1;EEG:64;EMG:1;EOG:2;STIM:1,µV:69,FP1;FPZ;FP2;AF3;AF4;F7;F5;F3;F1;FZ;F2;F4;F6;F8;FT7;FC5;FC3;FC1;FCZ;FC2;FC4;FC6;FT8;T7;C5;C3;C1;CZ;C2;C4;C6;T8;M1;TP7;CP5;CP3;CP1;CPZ;CP2;CP4;CP6;TP8;M2;P7;P5;P3;P1;PZ;P2;P4;P6;P8;PO7;PO5;PO3;POZ;PO4;PO6;PO8;CB1;O1;OZ;O2;CB2,Linked mastoids (M1/M2),,standard_1020,n/a,,Neuroscan,SynAmps,"University of Pécs, Hungary",sch_037_ec.dat,.dat,/work/gokul/ssl-eeg/code/data/orig_data/scz/sch_resting_64ch_ec/sch_037_ec.dat,/work/gokul/ssl-eeg/code/data/orig_data/scz/sch_resting_64ch_ec,,,2026-06-18T11:18:33
0029,sch_038,scz,sch_038,,,,25,M,14,scz,F2010,3,RestEC,Resting State Eyes Closed,2-minute eyes-closed resting-state EEG (Racz et al. 2025),closed,1000.0,50,123.9,123900,continuous,69,64,5,ECG:1;EEG:64;EMG:1;EOG:2;STIM:1,µV:69,FP1;FPZ;FP2;AF3;AF4;F7;F5;F3;F1;FZ;F2;F4;F6;F8;FT7;FC5;FC3;FC1;FCZ;FC2;FC4;FC6;FT8;T7;C5;C3;C1;CZ;C2;C4;C6;T8;M1;TP7;CP5;CP3;CP1;CPZ;CP2;CP4;CP6;TP8;M2;P7;P5;P3;P1;PZ;P2;P4;P6;P8;PO7;PO5;PO3;POZ;PO4;PO6;PO8;CB1;O1;OZ;O2;CB2,Linked mastoids (M1/M2),,standard_1020,n/a,,Neuroscan,SynAmps,"University of Pécs, Hungary",sch_038_ec.dat,.dat,/work/gokul/ssl-eeg/code/data/orig_data/scz/sch_resting_64ch_ec/sch_038_ec.dat,/work/gokul/ssl-eeg/code/data/orig_data/scz/sch_resting_64ch_ec,,,2026-06-18T11:18:33
0030,sch_039,scz,sch_039,,,,21,M,9,scz,F2090,1,RestEC,Resting State Eyes Closed,2-minute eyes-closed resting-state EEG (Racz et al. 2025),closed,1000.0,50,122.1,122100,continuous,69,64,5,ECG:1;EEG:64;EMG:1;EOG:2;STIM:1,µV:69,FP1;FPZ;FP2;AF3;AF4;F7;F5;F3;F1;FZ;F2;F4;F6;F8;FT7;FC5;FC3;FC1;FCZ;FC2;FC4;FC6;FT8;T7;C5;C3;C1;CZ;C2;C4;C6;T8;M1;TP7;CP5;CP3;CP1;CPZ;CP2;CP4;CP6;TP8;M2;P7;P5;P3;P1;PZ;P2;P4;P6;P8;PO7;PO5;PO3;POZ;PO4;PO6;PO8;CB1;O1;OZ;O2;CB2,Linked mastoids (M1/M2),,standard_1020,n/a,,Neuroscan,SynAmps,"University of Pécs, Hungary",sch_039_ec.dat,.dat,/work/gokul/ssl-eeg/code/data/orig_data/scz/sch_resting_64ch_ec/sch_039_ec.dat,/work/gokul/ssl-eeg/code/data/orig_data/scz/sch_resting_64ch_ec,,,2026-06-18T11:18:33
0031,sch_040,scz,sch_040,,,,21,M,13,scz,F2010,1,RestEC,Resting State Eyes Closed,2-minute eyes-closed resting-state EEG (Racz et al. 2025),closed,1000.0,50,120.5,120500,continuous,69,64,5,ECG:1;EEG:64;EMG:1;EOG:2;STIM:1,µV:69,FP1;FPZ;FP2;AF3;AF4;F7;F5;F3;F1;FZ;F2;F4;F6;F8;FT7;FC5;FC3;FC1;FCZ;FC2;FC4;FC6;FT8;T7;C5;C3;C1;CZ;C2;C4;C6;T8;M1;TP7;CP5;CP3;CP1;CPZ;CP2;CP4;CP6;TP8;M2;P7;P5;P3;P1;PZ;P2;P4;P6;P8;PO7;PO5;PO3;POZ;PO4;PO6;PO8;CB1;O1;OZ;O2;CB2,Linked mastoids (M1/M2),,standard_1020,n/a,,Neuroscan,SynAmps,"University of Pécs, Hungary",sch_040_ec.dat,.dat,/work/gokul/ssl-eeg/code/data/orig_data/scz/sch_resting_64ch_ec/sch_040_ec.dat,/work/gokul/ssl-eeg/code/data/orig_data/scz/sch_resting_64ch_ec,,,2026-06-18T11:18:33
0032,sch_044,scz,sch_044,,,,36,M,16,scz,F2000,5,RestEC,Resting State Eyes Closed,2-minute eyes-closed resting-state EEG (Racz et al. 2025),closed,1000.0,50,119.7,119700,continuous,69,64,5,ECG:1;EEG:64;EMG:1;EOG:2;STIM:1,µV:69,FP1;FPZ;FP2;AF3;AF4;F7;F5;F3;F1;FZ;F2;F4;F6;F8;FT7;FC5;FC3;FC1;FCZ;FC2;FC4;FC6;FT8;T7;C5;C3;C1;CZ;C2;C4;C6;T8;M1;TP7;CP5;CP3;CP1;CPZ;CP2;CP4;CP6;TP8;M2;P7;P5;P3;P1;PZ;P2;P4;P6;P8;PO7;PO5;PO3;POZ;PO4;PO6;PO8;CB1;O1;OZ;O2;CB2,Linked mastoids (M1/M2),,standard_1020,n/a,,Neuroscan,SynAmps,"University of Pécs, Hungary",sch_044_ec.dat,.dat,/work/gokul/ssl-eeg/code/data/orig_data/scz/sch_resting_64ch_ec/sch_044_ec.dat,/work/gokul/ssl-eeg/code/data/orig_data/scz/sch_resting_64ch_ec,,,2026-06-18T11:18:33
0033,sch_045,scz,sch_045,,,,27,M,16,control,,0,RestEC,Resting State Eyes Closed,2-minute eyes-closed resting-state EEG (Racz et al. 2025),closed,1000.0,50,127.1,127100,continuous,69,64,5,ECG:1;EEG:64;EMG:1;EOG:2;STIM:1,µV:69,FP1;FPZ;FP2;AF3;AF4;F7;F5;F3;F1;FZ;F2;F4;F6;F8;FT7;FC5;FC3;FC1;FCZ;FC2;FC4;FC6;FT8;T7;C5;C3;C1;CZ;C2;C4;C6;T8;M1;TP7;CP5;CP3;CP1;CPZ;CP2;CP4;CP6;TP8;M2;P7;P5;P3;P1;PZ;P2;P4;P6;P8;PO7;PO5;PO3;POZ;PO4;PO6;PO8;CB1;O1;OZ;O2;CB2,Linked mastoids (M1/M2),,standard_1020,n/a,,Neuroscan,SynAmps,"University of Pécs, Hungary",sch_045_ec.dat,.dat,/work/gokul/ssl-eeg/code/data/orig_data/scz/sch_resting_64ch_ec/sch_045_ec.dat,/work/gokul/ssl-eeg/code/data/orig_data/scz/sch_resting_64ch_ec,,,2026-06-18T11:18:33
0034,sch_046,scz,sch_046,,,,25,M,,scz,F2020,0,RestEC,Resting State Eyes Closed,2-minute eyes-closed resting-state EEG (Racz et al. 2025),closed,1000.0,50,123.0,123000,continuous,69,64,5,ECG:1;EEG:64;EMG:1;EOG:2;STIM:1,µV:69,FP1;FPZ;FP2;AF3;AF4;F7;F5;F3;F1;FZ;F2;F4;F6;F8;FT7;FC5;FC3;FC1;FCZ;FC2;FC4;FC6;FT8;T7;C5;C3;C1;CZ;C2;C4;C6;T8;M1;TP7;CP5;CP3;CP1;CPZ;CP2;CP4;CP6;TP8;M2;P7;P5;P3;P1;PZ;P2;P4;P6;P8;PO7;PO5;PO3;POZ;PO4;PO6;PO8;CB1;O1;OZ;O2;CB2,Linked mastoids (M1/M2),,standard_1020,n/a,,Neuroscan,SynAmps,"University of Pécs, Hungary",sch_046_ec.dat,.dat,/work/gokul/ssl-eeg/code/data/orig_data/scz/sch_resting_64ch_ec/sch_046_ec.dat,/work/gokul/ssl-eeg/code/data/orig_data/scz/sch_resting_64ch_ec,,,2026-06-18T11:18:33
0035,sch_047,scz,sch_047,,,,30,M,17,control,,5,RestEC,Resting State Eyes Closed,2-minute eyes-closed resting-state EEG (Racz et al. 2025),closed,1000.0,50,121.7,121700,continuous,69,64,5,ECG:1;EEG:64;EMG:1;EOG:2;STIM:1,µV:69,FP1;FPZ;FP2;AF3;AF4;F7;F5;F3;F1;FZ;F2;F4;F6;F8;FT7;FC5;FC3;FC1;FCZ;FC2;FC4;FC6;FT8;T7;C5;C3;C1;CZ;C2;C4;C6;T8;M1;TP7;CP5;CP3;CP1;CPZ;CP2;CP4;CP6;TP8;M2;P7;P5;P3;P1;PZ;P2;P4;P6;P8;PO7;PO5;PO3;POZ;PO4;PO6;PO8;CB1;O1;OZ;O2;CB2,Linked mastoids (M1/M2),,standard_1020,n/a,,Neuroscan,SynAmps,"University of Pécs, Hungary",sch_047_ec.dat,.dat,/work/gokul/ssl-eeg/code/data/orig_data/scz/sch_resting_64ch_ec/sch_047_ec.dat,/work/gokul/ssl-eeg/code/data/orig_data/scz/sch_resting_64ch_ec,,,2026-06-18T11:18:33
0036,sch_048,scz,sch_048,,,,49,F,18,control,F2500,27,RestEC,Resting State Eyes Closed,2-minute eyes-closed resting-state EEG (Racz et al. 2025),closed,1000.0,50,122.7,122700,continuous,69,64,5,ECG:1;EEG:64;EMG:1;EOG:2;STIM:1,µV:69,FP1;FPZ;FP2;AF3;AF4;F7;F5;F3;F1;FZ;F2;F4;F6;F8;FT7;FC5;FC3;FC1;FCZ;FC2;FC4;FC6;FT8;T7;C5;C3;C1;CZ;C2;C4;C6;T8;M1;TP7;CP5;CP3;CP1;CPZ;CP2;CP4;CP6;TP8;M2;P7;P5;P3;P1;PZ;P2;P4;P6;P8;PO7;PO5;PO3;POZ;PO4;PO6;PO8;CB1;O1;OZ;O2;CB2,Linked mastoids (M1/M2),,standard_1020,n/a,,Neuroscan,SynAmps,"University of Pécs, Hungary",sch_048_ec.dat,.dat,/work/gokul/ssl-eeg/code/data/orig_data/scz/sch_resting_64ch_ec/sch_048_ec.dat,/work/gokul/ssl-eeg/code/data/orig_data/scz/sch_resting_64ch_ec,,,2026-06-18T11:18:33
0037,sch_049,scz,sch_049,,,,47,F,13,scz,F2020,18,RestEC,Resting State Eyes Closed,2-minute eyes-closed resting-state EEG (Racz et al. 2025),closed,1000.0,50,120.5,120500,continuous,69,64,5,ECG:1;EEG:64;EMG:1;EOG:2;STIM:1,µV:69,FP1;FPZ;FP2;AF3;AF4;F7;F5;F3;F1;FZ;F2;F4;F6;F8;FT7;FC5;FC3;FC1;FCZ;FC2;FC4;FC6;FT8;T7;C5;C3;C1;CZ;C2;C4;C6;T8;M1;TP7;CP5;CP3;CP1;CPZ;CP2;CP4;CP6;TP8;M2;P7;P5;P3;P1;PZ;P2;P4;P6;P8;PO7;PO5;PO3;POZ;PO4;PO6;PO8;CB1;O1;OZ;O2;CB2,Linked mastoids (M1/M2),,standard_1020,n/a,,Neuroscan,SynAmps,"University of Pécs, Hungary",sch_049_ec.dat,.dat,/work/gokul/ssl-eeg/code/data/orig_data/scz/sch_resting_64ch_ec/sch_049_ec.dat,/work/gokul/ssl-eeg/code/data/orig_data/scz/sch_resting_64ch_ec,,,2026-06-18T11:18:33
0038,sch_050,scz,sch_050,,,,38,M,18,scz,F2000,2,RestEC,Resting State Eyes Closed,2-minute eyes-closed resting-state EEG (Racz et al. 2025),closed,1000.0,50,120.7,120700,continuous,69,64,5,ECG:1;EEG:64;EMG:1;EOG:2;STIM:1,µV:69,FP1;FPZ;FP2;AF3;AF4;F7;F5;F3;F1;FZ;F2;F4;F6;F8;FT7;FC5;FC3;FC1;FCZ;FC2;FC4;FC6;FT8;T7;C5;C3;C1;CZ;C2;C4;C6;T8;M1;TP7;CP5;CP3;CP1;CPZ;CP2;CP4;CP6;TP8;M2;P7;P5;P3;P1;PZ;P2;P4;P6;P8;PO7;PO5;PO3;POZ;PO4;PO6;PO8;CB1;O1;OZ;O2;CB2,Linked mastoids (M1/M2),,standard_1020,n/a,,Neuroscan,SynAmps,"University of Pécs, Hungary",sch_050_ec.dat,.dat,/work/gokul/ssl-eeg/code/data/orig_data/scz/sch_resting_64ch_ec/sch_050_ec.dat,/work/gokul/ssl-eeg/code/data/orig_data/scz/sch_resting_64ch_ec,,,2026-06-18T11:18:33
0039,sch_101,scz,sch_101,,,,38,F,18,control,,,RestEC,Resting State Eyes Closed,2-minute eyes-closed resting-state EEG (Racz et al. 2025),closed,1000.0,50,120.8,120800,continuous,69,64,5,ECG:1;EEG:64;EMG:1;EOG:2;STIM:1,µV:69,FP1;FPZ;FP2;AF3;AF4;F7;F5;F3;F1;FZ;F2;F4;F6;F8;FT7;FC5;FC3;FC1;FCZ;FC2;FC4;FC6;FT8;T7;C5;C3;C1;CZ;C2;C4;C6;T8;M1;TP7;CP5;CP3;CP1;CPZ;CP2;CP4;CP6;TP8;M2;P7;P5;P3;P1;PZ;P2;P4;P6;P8;PO7;PO5;PO3;POZ;PO4;PO6;PO8;CB1;O1;OZ;O2;CB2,Linked mastoids (M1/M2),,standard_1020,n/a,,Neuroscan,SynAmps,"University of Pécs, Hungary",sch_101_ec.dat,.dat,/work/gokul/ssl-eeg/code/data/orig_data/scz/sch_resting_64ch_ec/sch_101_ec.dat,/work/gokul/ssl-eeg/code/data/orig_data/scz/sch_resting_64ch_ec,,,2026-06-18T11:18:33
0040,sch_102,scz,sch_102,,,,28,F,18,control,,,RestEC,Resting State Eyes Closed,2-minute eyes-closed resting-state EEG (Racz et al. 2025),closed,1000.0,50,121.3,121300,continuous,69,64,5,ECG:1;EEG:64;EMG:1;EOG:2;STIM:1,µV:69,FP1;FPZ;FP2;AF3;AF4;F7;F5;F3;F1;FZ;F2;F4;F6;F8;FT7;FC5;FC3;FC1;FCZ;FC2;FC4;FC6;FT8;T7;C5;C3;C1;CZ;C2;C4;C6;T8;M1;TP7;CP5;CP3;CP1;CPZ;CP2;CP4;CP6;TP8;M2;P7;P5;P3;P1;PZ;P2;P4;P6;P8;PO7;PO5;PO3;POZ;PO4;PO6;PO8;CB1;O1;OZ;O2;CB2,Linked mastoids (M1/M2),,standard_1020,n/a,,Neuroscan,SynAmps,"University of Pécs, Hungary",sch_102_ec.dat,.dat,/work/gokul/ssl-eeg/code/data/orig_data/scz/sch_resting_64ch_ec/sch_102_ec.dat,/work/gokul/ssl-eeg/code/data/orig_data/scz/sch_resting_64ch_ec,,,2026-06-18T11:18:33
0041,sch_103,scz,sch_103,,,,39,F,18,control,,,RestEC,Resting State Eyes Closed,2-minute eyes-closed resting-state EEG (Racz et al. 2025),closed,1000.0,50,120.8,120800,continuous,69,64,5,ECG:1;EEG:64;EMG:1;EOG:2;STIM:1,µV:69,FP1;FPZ;FP2;AF3;AF4;F7;F5;F3;F1;FZ;F2;F4;F6;F8;FT7;FC5;FC3;FC1;FCZ;FC2;FC4;FC6;FT8;T7;C5;C3;C1;CZ;C2;C4;C6;T8;M1;TP7;CP5;CP3;CP1;CPZ;CP2;CP4;CP6;TP8;M2;P7;P5;P3;P1;PZ;P2;P4;P6;P8;PO7;PO5;PO3;POZ;PO4;PO6;PO8;CB1;O1;OZ;O2;CB2,Linked mastoids (M1/M2),,standard_1020,n/a,,Neuroscan,SynAmps,"University of Pécs, Hungary",sch_103_ec.dat,.dat,/work/gokul/ssl-eeg/code/data/orig_data/scz/sch_resting_64ch_ec/sch_103_ec.dat,/work/gokul/ssl-eeg/code/data/orig_data/scz/sch_resting_64ch_ec,,,2026-06-18T11:18:33
0042,sch_104,scz,sch_104,,,,29,M,18,control,,,RestEC,Resting State Eyes Closed,2-minute eyes-closed resting-state EEG (Racz et al. 2025),closed,1000.0,50,121.9,121900,continuous,69,64,5,ECG:1;EEG:64;EMG:1;EOG:2;STIM:1,µV:69,FP1;FPZ;FP2;AF3;AF4;F7;F5;F3;F1;FZ;F2;F4;F6;F8;FT7;FC5;FC3;FC1;FCZ;FC2;FC4;FC6;FT8;T7;C5;C3;C1;CZ;C2;C4;C6;T8;M1;TP7;CP5;CP3;CP1;CPZ;CP2;CP4;CP6;TP8;M2;P7;P5;P3;P1;PZ;P2;P4;P6;P8;PO7;PO5;PO3;POZ;PO4;PO6;PO8;CB1;O1;OZ;O2;CB2,Linked mastoids (M1/M2),,standard_1020,n/a,,Neuroscan,SynAmps,"University of Pécs, Hungary",sch_104_ec.dat,.dat,/work/gokul/ssl-eeg/code/data/orig_data/scz/sch_resting_64ch_ec/sch_104_ec.dat,/work/gokul/ssl-eeg/code/data/orig_data/scz/sch_resting_64ch_ec,,,2026-06-18T11:18:33
0043,sch_105,scz,sch_105,,,,28,M,16,control,,,RestEC,Resting State Eyes Closed,2-minute eyes-closed resting-state EEG (Racz et al. 2025),closed,1000.0,50,120.7,120700,continuous,69,64,5,ECG:1;EEG:64;EMG:1;EOG:2;STIM:1,µV:69,FP1;FPZ;FP2;AF3;AF4;F7;F5;F3;F1;FZ;F2;F4;F6;F8;FT7;FC5;FC3;FC1;FCZ;FC2;FC4;FC6;FT8;T7;C5;C3;C1;CZ;C2;C4;C6;T8;M1;TP7;CP5;CP3;CP1;CPZ;CP2;CP4;CP6;TP8;M2;P7;P5;P3;P1;PZ;P2;P4;P6;P8;PO7;PO5;PO3;POZ;PO4;PO6;PO8;CB1;O1;OZ;O2;CB2,Linked mastoids (M1/M2),,standard_1020,n/a,,Neuroscan,SynAmps,"University of Pécs, Hungary",sch_105_ec.dat,.dat,/work/gokul/ssl-eeg/code/data/orig_data/scz/sch_resting_64ch_ec/sch_105_ec.dat,/work/gokul/ssl-eeg/code/data/orig_data/scz/sch_resting_64ch_ec,,,2026-06-18T11:18:33
0044,sch_106,scz,sch_106,,,,42,M,14,control,,,RestEC,Resting State Eyes Closed,2-minute eyes-closed resting-state EEG (Racz et al. 2025),closed,1000.0,50,120.5,120500,continuous,69,64,5,ECG:1;EEG:64;EMG:1;EOG:2;STIM:1,µV:69,FP1;FPZ;FP2;AF3;AF4;F7;F5;F3;F1;FZ;F2;F4;F6;F8;FT7;FC5;FC3;FC1;FCZ;FC2;FC4;FC6;FT8;T7;C5;C3;C1;CZ;C2;C4;C6;T8;M1;TP7;CP5;CP3;CP1;CPZ;CP2;CP4;CP6;TP8;M2;P7;P5;P3;P1;PZ;P2;P4;P6;P8;PO7;PO5;PO3;POZ;PO4;PO6;PO8;CB1;O1;OZ;O2;CB2,Linked mastoids (M1/M2),,standard_1020,n/a,,Neuroscan,SynAmps,"University of Pécs, Hungary",sch_106_ec.dat,.dat,/work/gokul/ssl-eeg/code/data/orig_data/scz/sch_resting_64ch_ec/sch_106_ec.dat,/work/gokul/ssl-eeg/code/data/orig_data/scz/sch_resting_64ch_ec,,,2026-06-18T11:18:33
0045,sch_107,scz,sch_107,,,,52,M,17,control,,,RestEC,Resting State Eyes Closed,2-minute eyes-closed resting-state EEG (Racz et al. 2025),closed,1000.0,50,123.4,123400,continuous,69,64,5,ECG:1;EEG:64;EMG:1;EOG:2;STIM:1,µV:69,FP1;FPZ;FP2;AF3;AF4;F7;F5;F3;F1;FZ;F2;F4;F6;F8;FT7;FC5;FC3;FC1;FCZ;FC2;FC4;FC6;FT8;T7;C5;C3;C1;CZ;C2;C4;C6;T8;M1;TP7;CP5;CP3;CP1;CPZ;CP2;CP4;CP6;TP8;M2;P7;P5;P3;P1;PZ;P2;P4;P6;P8;PO7;PO5;PO3;POZ;PO4;PO6;PO8;CB1;O1;OZ;O2;CB2,Linked mastoids (M1/M2),,standard_1020,n/a,,Neuroscan,SynAmps,"University of Pécs, Hungary",sch_107_ec.dat,.dat,/work/gokul/ssl-eeg/code/data/orig_data/scz/sch_resting_64ch_ec/sch_107_ec.dat,/work/gokul/ssl-eeg/code/data/orig_data/scz/sch_resting_64ch_ec,,,2026-06-18T11:18:33
0046,sch_108,scz,sch_108,,,,40,M,18,control,,,RestEC,Resting State Eyes Closed,2-minute eyes-closed resting-state EEG (Racz et al. 2025),closed,1000.0,50,120.3,120300,continuous,69,64,5,ECG:1;EEG:64;EMG:1;EOG:2;STIM:1,µV:69,FP1;FPZ;FP2;AF3;AF4;F7;F5;F3;F1;FZ;F2;F4;F6;F8;FT7;FC5;FC3;FC1;FCZ;FC2;FC4;FC6;FT8;T7;C5;C3;C1;CZ;C2;C4;C6;T8;M1;TP7;CP5;CP3;CP1;CPZ;CP2;CP4;CP6;TP8;M2;P7;P5;P3;P1;PZ;P2;P4;P6;P8;PO7;PO5;PO3;POZ;PO4;PO6;PO8;CB1;O1;OZ;O2;CB2,Linked mastoids (M1/M2),,standard_1020,n/a,,Neuroscan,SynAmps,"University of Pécs, Hungary",sch_108_ec.dat,.dat,/work/gokul/ssl-eeg/code/data/orig_data/scz/sch_resting_64ch_ec/sch_108_ec.dat,/work/gokul/ssl-eeg/code/data/orig_data/scz/sch_resting_64ch_ec,,,2026-06-18T11:18:33
0047,sch_109,scz,sch_109,,,,23,M,16,control,,,RestEC,Resting State Eyes Closed,2-minute eyes-closed resting-state EEG (Racz et al. 2025),closed,1000.0,50,122.9,122900,continuous,69,64,5,ECG:1;EEG:64;EMG:1;EOG:2;STIM:1,µV:69,FP1;FPZ;FP2;AF3;AF4;F7;F5;F3;F1;FZ;F2;F4;F6;F8;FT7;FC5;FC3;FC1;FCZ;FC2;FC4;FC6;FT8;T7;C5;C3;C1;CZ;C2;C4;C6;T8;M1;TP7;CP5;CP3;CP1;CPZ;CP2;CP4;CP6;TP8;M2;P7;P5;P3;P1;PZ;P2;P4;P6;P8;PO7;PO5;PO3;POZ;PO4;PO6;PO8;CB1;O1;OZ;O2;CB2,Linked mastoids (M1/M2),,standard_1020,n/a,,Neuroscan,SynAmps,"University of Pécs, Hungary",sch_109_ec.dat,.dat,/work/gokul/ssl-eeg/code/data/orig_data/scz/sch_resting_64ch_ec/sch_109_ec.dat,/work/gokul/ssl-eeg/code/data/orig_data/scz/sch_resting_64ch_ec,,,2026-06-18T11:18:33
0048,sch_110,scz,sch_110,,,,33,M,18,control,,,RestEC,Resting State Eyes Closed,2-minute eyes-closed resting-state EEG (Racz et al. 2025),closed,1000.0,50,120.3,120300,continuous,69,64,5,ECG:1;EEG:64;EMG:1;EOG:2;STIM:1,µV:69,FP1;FPZ;FP2;AF3;AF4;F7;F5;F3;F1;FZ;F2;F4;F6;F8;FT7;FC5;FC3;FC1;FCZ;FC2;FC4;FC6;FT8;T7;C5;C3;C1;CZ;C2;C4;C6;T8;M1;TP7;CP5;CP3;CP1;CPZ;CP2;CP4;CP6;TP8;M2;P7;P5;P3;P1;PZ;P2;P4;P6;P8;PO7;PO5;PO3;POZ;PO4;PO6;PO8;CB1;O1;OZ;O2;CB2,Linked mastoids (M1/M2),,standard_1020,n/a,,Neuroscan,SynAmps,"University of Pécs, Hungary",sch_110_ec.dat,.dat,/work/gokul/ssl-eeg/code/data/orig_data/scz/sch_resting_64ch_ec/sch_110_ec.dat,/work/gokul/ssl-eeg/code/data/orig_data/scz/sch_resting_64ch_ec,,,2026-06-18T11:18:33
0049,sch_111,scz,sch_111,,,,33,M,14,control,,,RestEC,Resting State Eyes Closed,2-minute eyes-closed resting-state EEG (Racz et al. 2025),closed,1000.0,50,120.7,120700,continuous,69,64,5,ECG:1;EEG:64;EMG:1;EOG:2;STIM:1,µV:69,FP1;FPZ;FP2;AF3;AF4;F7;F5;F3;F1;FZ;F2;F4;F6;F8;FT7;FC5;FC3;FC1;FCZ;FC2;FC4;FC6;FT8;T7;C5;C3;C1;CZ;C2;C4;C6;T8;M1;TP7;CP5;CP3;CP1;CPZ;CP2;CP4;CP6;TP8;M2;P7;P5;P3;P1;PZ;P2;P4;P6;P8;PO7;PO5;PO3;POZ;PO4;PO6;PO8;CB1;O1;OZ;O2;CB2,Linked mastoids (M1/M2),,standard_1020,n/a,,Neuroscan,SynAmps,"University of Pécs, Hungary",sch_111_ec.dat,.dat,/work/gokul/ssl-eeg/code/data/orig_data/scz/sch_resting_64ch_ec/sch_111_ec.dat,/work/gokul/ssl-eeg/code/data/orig_data/scz/sch_resting_64ch_ec,,,2026-06-18T11:18:33
0050,sch_112,scz,sch_112,,,,42,M,13,control,,,RestEC,Resting State Eyes Closed,2-minute eyes-closed resting-state EEG (Racz et al. 2025),closed,1000.0,50,122.6,122600,continuous,69,64,5,ECG:1;EEG:64;EMG:1;EOG:2;STIM:1,µV:69,FP1;FPZ;FP2;AF3;AF4;F7;F5;F3;F1;FZ;F2;F4;F6;F8;FT7;FC5;FC3;FC1;FCZ;FC2;FC4;FC6;FT8;T7;C5;C3;C1;CZ;C2;C4;C6;T8;M1;TP7;CP5;CP3;CP1;CPZ;CP2;CP4;CP6;TP8;M2;P7;P5;P3;P1;PZ;P2;P4;P6;P8;PO7;PO5;PO3;POZ;PO4;PO6;PO8;CB1;O1;OZ;O2;CB2,Linked mastoids (M1/M2),,standard_1020,n/a,,Neuroscan,SynAmps,"University of Pécs, Hungary",sch_112_ec.dat,.dat,/work/gokul/ssl-eeg/code/data/orig_data/scz/sch_resting_64ch_ec/sch_112_ec.dat,/work/gokul/ssl-eeg/code/data/orig_data/scz/sch_resting_64ch_ec,,,2026-06-18T11:18:33
0051,sch_113,scz,sch_113,,,,50,F,18,control,,,RestEC,Resting State Eyes Closed,2-minute eyes-closed resting-state EEG (Racz et al. 2025),closed,1000.0,50,120.6,120600,continuous,69,64,5,ECG:1;EEG:64;EMG:1;EOG:2;STIM:1,µV:69,FP1;FPZ;FP2;AF3;AF4;F7;F5;F3;F1;FZ;F2;F4;F6;F8;FT7;FC5;FC3;FC1;FCZ;FC2;FC4;FC6;FT8;T7;C5;C3;C1;CZ;C2;C4;C6;T8;M1;TP7;CP5;CP3;CP1;CPZ;CP2;CP4;CP6;TP8;M2;P7;P5;P3;P1;PZ;P2;P4;P6;P8;PO7;PO5;PO3;POZ;PO4;PO6;PO8;CB1;O1;OZ;O2;CB2,Linked mastoids (M1/M2),,standard_1020,n/a,,Neuroscan,SynAmps,"University of Pécs, Hungary",sch_113_ec.dat,.dat,/work/gokul/ssl-eeg/code/data/orig_data/scz/sch_resting_64ch_ec/sch_113_ec.dat,/work/gokul/ssl-eeg/code/data/orig_data/scz/sch_resting_64ch_ec,,,2026-06-18T11:18:33
0052,sch_115,scz,sch_115,,,,39,F,12,control,,,RestEC,Resting State Eyes Closed,2-minute eyes-closed resting-state EEG (Racz et al. 2025),closed,1000.0,50,125.9,125900,continuous,69,64,5,ECG:1;EEG:64;EMG:1;EOG:2;STIM:1,µV:69,FP1;FPZ;FP2;AF3;AF4;F7;F5;F3;F1;FZ;F2;F4;F6;F8;FT7;FC5;FC3;FC1;FCZ;FC2;FC4;FC6;FT8;T7;C5;C3;C1;CZ;C2;C4;C6;T8;M1;TP7;CP5;CP3;CP1;CPZ;CP2;CP4;CP6;TP8;M2;P7;P5;P3;P1;PZ;P2;P4;P6;P8;PO7;PO5;PO3;POZ;PO4;PO6;PO8;CB1;O1;OZ;O2;CB2,Linked mastoids (M1/M2),,standard_1020,n/a,,Neuroscan,SynAmps,"University of Pécs, Hungary",sch_115_ec.dat,.dat,/work/gokul/ssl-eeg/code/data/orig_data/scz/sch_resting_64ch_ec/sch_115_ec.dat,/work/gokul/ssl-eeg/code/data/orig_data/scz/sch_resting_64ch_ec,,,2026-06-18T11:18:33
0053,sch_116,scz,sch_116,,,,29,M,18,control,,,RestEC,Resting State Eyes Closed,2-minute eyes-closed resting-state EEG (Racz et al. 2025),closed,1000.0,50,120.8,120800,continuous,69,64,5,ECG:1;EEG:64;EMG:1;EOG:2;STIM:1,µV:69,FP1;FPZ;FP2;AF3;AF4;F7;F5;F3;F1;FZ;F2;F4;F6;F8;FT7;FC5;FC3;FC1;FCZ;FC2;FC4;FC6;FT8;T7;C5;C3;C1;CZ;C2;C4;C6;T8;M1;TP7;CP5;CP3;CP1;CPZ;CP2;CP4;CP6;TP8;M2;P7;P5;P3;P1;PZ;P2;P4;P6;P8;PO7;PO5;PO3;POZ;PO4;PO6;PO8;CB1;O1;OZ;O2;CB2,Linked mastoids (M1/M2),,standard_1020,n/a,,Neuroscan,SynAmps,"University of Pécs, Hungary",sch_116_ec.dat,.dat,/work/gokul/ssl-eeg/code/data/orig_data/scz/sch_resting_64ch_ec/sch_116_ec.dat,/work/gokul/ssl-eeg/code/data/orig_data/scz/sch_resting_64ch_ec,,,2026-06-18T11:18:33
0054,sch_117,scz,sch_117,,,,30,F,18,control,,,RestEC,Resting State Eyes Closed,2-minute eyes-closed resting-state EEG (Racz et al. 2025),closed,1000.0,50,121.0,121000,continuous,69,64,5,ECG:1;EEG:64;EMG:1;EOG:2;STIM:1,µV:69,FP1;FPZ;FP2;AF3;AF4;F7;F5;F3;F1;FZ;F2;F4;F6;F8;FT7;FC5;FC3;FC1;FCZ;FC2;FC4;FC6;FT8;T7;C5;C3;C1;CZ;C2;C4;C6;T8;M1;TP7;CP5;CP3;CP1;CPZ;CP2;CP4;CP6;TP8;M2;P7;P5;P3;P1;PZ;P2;P4;P6;P8;PO7;PO5;PO3;POZ;PO4;PO6;PO8;CB1;O1;OZ;O2;CB2,Linked mastoids (M1/M2),,standard_1020,n/a,,Neuroscan,SynAmps,"University of Pécs, Hungary",sch_117_ec.dat,.dat,/work/gokul/ssl-eeg/code/data/orig_data/scz/sch_resting_64ch_ec/sch_117_ec.dat,/work/gokul/ssl-eeg/code/data/orig_data/scz/sch_resting_64ch_ec,,,2026-06-18T11:18:33
0055,sch_118,scz,sch_118,,,,28,F,18,control,,,RestEC,Resting State Eyes Closed,2-minute eyes-closed resting-state EEG (Racz et al. 2025),closed,1000.0,50,121.0,121000,continuous,69,64,5,ECG:1;EEG:64;EMG:1;EOG:2;STIM:1,µV:69,FP1;FPZ;FP2;AF3;AF4;F7;F5;F3;F1;FZ;F2;F4;F6;F8;FT7;FC5;FC3;FC1;FCZ;FC2;FC4;FC6;FT8;T7;C5;C3;C1;CZ;C2;C4;C6;T8;M1;TP7;CP5;CP3;CP1;CPZ;CP2;CP4;CP6;TP8;M2;P7;P5;P3;P1;PZ;P2;P4;P6;P8;PO7;PO5;PO3;POZ;PO4;PO6;PO8;CB1;O1;OZ;O2;CB2,Linked mastoids (M1/M2),,standard_1020,n/a,,Neuroscan,SynAmps,"University of Pécs, Hungary",sch_118_ec.dat,.dat,/work/gokul/ssl-eeg/code/data/orig_data/scz/sch_resting_64ch_ec/sch_118_ec.dat,/work/gokul/ssl-eeg/code/data/orig_data/scz/sch_resting_64ch_ec,,,2026-06-18T11:18:33
0056,sch_119,scz,sch_119,,,,42,M,17,control,,,RestEC,Resting State Eyes Closed,2-minute eyes-closed resting-state EEG (Racz et al. 2025),closed,1000.0,50,123.4,123400,continuous,69,64,5,ECG:1;EEG:64;EMG:1;EOG:2;STIM:1,µV:69,FP1;FPZ;FP2;AF3;AF4;F7;F5;F3;F1;FZ;F2;F4;F6;F8;FT7;FC5;FC3;FC1;FCZ;FC2;FC4;FC6;FT8;T7;C5;C3;C1;CZ;C2;C4;C6;T8;M1;TP7;CP5;CP3;CP1;CPZ;CP2;CP4;CP6;TP8;M2;P7;P5;P3;P1;PZ;P2;P4;P6;P8;PO7;PO5;PO3;POZ;PO4;PO6;PO8;CB1;O1;OZ;O2;CB2,Linked mastoids (M1/M2),,standard_1020,n/a,,Neuroscan,SynAmps,"University of Pécs, Hungary",sch_119_ec.dat,.dat,/work/gokul/ssl-eeg/code/data/orig_data/scz/sch_resting_64ch_ec/sch_119_ec.dat,/work/gokul/ssl-eeg/code/data/orig_data/scz/sch_resting_64ch_ec,,,2026-06-18T11:18:33
0057,sch_120,scz,sch_120,,,,56,F,17,control,,,RestEC,Resting State Eyes Closed,2-minute eyes-closed resting-state EEG (Racz et al. 2025),closed,1000.0,50,123.5,123500,continuous,69,64,5,ECG:1;EEG:64;EMG:1;EOG:2;STIM:1,µV:69,FP1;FPZ;FP2;AF3;AF4;F7;F5;F3;F1;FZ;F2;F4;F6;F8;FT7;FC5;FC3;FC1;FCZ;FC2;FC4;FC6;FT8;T7;C5;C3;C1;CZ;C2;C4;C6;T8;M1;TP7;CP5;CP3;CP1;CPZ;CP2;CP4;CP6;TP8;M2;P7;P5;P3;P1;PZ;P2;P4;P6;P8;PO7;PO5;PO3;POZ;PO4;PO6;PO8;CB1;O1;OZ;O2;CB2,Linked mastoids (M1/M2),,standard_1020,n/a,,Neuroscan,SynAmps,"University of Pécs, Hungary",sch_120_ec.dat,.dat,/work/gokul/ssl-eeg/code/data/orig_data/scz/sch_resting_64ch_ec/sch_120_ec.dat,/work/gokul/ssl-eeg/code/data/orig_data/scz/sch_resting_64ch_ec,,,2026-06-18T11:18:33
0058,sch_121,scz,sch_121,,,,39,M,16,control,,,RestEC,Resting State Eyes Closed,2-minute eyes-closed resting-state EEG (Racz et al. 2025),closed,1000.0,50,123.3,123300,continuous,69,64,5,ECG:1;EEG:64;EMG:1;EOG:2;STIM:1,µV:69,FP1;FPZ;FP2;AF3;AF4;F7;F5;F3;F1;FZ;F2;F4;F6;F8;FT7;FC5;FC3;FC1;FCZ;FC2;FC4;FC6;FT8;T7;C5;C3;C1;CZ;C2;C4;C6;T8;M1;TP7;CP5;CP3;CP1;CPZ;CP2;CP4;CP6;TP8;M2;P7;P5;P3;P1;PZ;P2;P4;P6;P8;PO7;PO5;PO3;POZ;PO4;PO6;PO8;CB1;O1;OZ;O2;CB2,Linked mastoids (M1/M2),,standard_1020,n/a,,Neuroscan,SynAmps,"University of Pécs, Hungary",sch_121_ec.dat,.dat,/work/gokul/ssl-eeg/code/data/orig_data/scz/sch_resting_64ch_ec/sch_121_ec.dat,/work/gokul/ssl-eeg/code/data/orig_data/scz/sch_resting_64ch_ec,,,2026-06-18T11:18:33
0059,sch_122,scz,sch_122,,,,25,F,16,control,,,RestEC,Resting State Eyes Closed,2-minute eyes-closed resting-state EEG (Racz et al. 2025),closed,1000.0,50,302.5,302500,continuous,69,64,5,ECG:1;EEG:64;EMG:1;EOG:2;STIM:1,µV:69,FP1;FPZ;FP2;AF3;AF4;F7;F5;F3;F1;FZ;F2;F4;F6;F8;FT7;FC5;FC3;FC1;FCZ;FC2;FC4;FC6;FT8;T7;C5;C3;C1;CZ;C2;C4;C6;T8;M1;TP7;CP5;CP3;CP1;CPZ;CP2;CP4;CP6;TP8;M2;P7;P5;P3;P1;PZ;P2;P4;P6;P8;PO7;PO5;PO3;POZ;PO4;PO6;PO8;CB1;O1;OZ;O2;CB2,Linked mastoids (M1/M2),,standard_1020,n/a,,Neuroscan,SynAmps,"University of Pécs, Hungary",sch_122_ec.dat,.dat,/work/gokul/ssl-eeg/code/data/orig_data/scz/sch_resting_64ch_ec/sch_122_ec.dat,/work/gokul/ssl-eeg/code/data/orig_data/scz/sch_resting_64ch_ec,,,2026-06-18T11:18:33
0060,sch_123,scz,sch_123,,,,22,M,15,control,,,RestEC,Resting State Eyes Closed,2-minute eyes-closed resting-state EEG (Racz et al. 2025),closed,1000.0,50,109.7,109700,continuous,69,64,5,ECG:1;EEG:64;EMG:1;EOG:2;STIM:1,µV:69,FP1;FPZ;FP2;AF3;AF4;F7;F5;F3;F1;FZ;F2;F4;F6;F8;FT7;FC5;FC3;FC1;FCZ;FC2;FC4;FC6;FT8;T7;C5;C3;C1;CZ;C2;C4;C6;T8;M1;TP7;CP5;CP3;CP1;CPZ;CP2;CP4;CP6;TP8;M2;P7;P5;P3;P1;PZ;P2;P4;P6;P8;PO7;PO5;PO3;POZ;PO4;PO6;PO8;CB1;O1;OZ;O2;CB2,Linked mastoids (M1/M2),,standard_1020,n/a,,Neuroscan,SynAmps,"University of Pécs, Hungary",sch_123_ec.dat,.dat,/work/gokul/ssl-eeg/code/data/orig_data/scz/sch_resting_64ch_ec/sch_123_ec.dat,/work/gokul/ssl-eeg/code/data/orig_data/scz/sch_resting_64ch_ec,,,2026-06-18T11:18:33
0061,sch_124,scz,sch_124,,,,32,M,18,control,,,RestEC,Resting State Eyes Closed,2-minute eyes-closed resting-state EEG (Racz et al. 2025),closed,1000.0,50,122.5,122500,continuous,69,64,5,ECG:1;EEG:64;EMG:1;EOG:2;STIM:1,µV:69,FP1;FPZ;FP2;AF3;AF4;F7;F5;F3;F1;FZ;F2;F4;F6;F8;FT7;FC5;FC3;FC1;FCZ;FC2;FC4;FC6;FT8;T7;C5;C3;C1;CZ;C2;C4;C6;T8;M1;TP7;CP5;CP3;CP1;CPZ;CP2;CP4;CP6;TP8;M2;P7;P5;P3;P1;PZ;P2;P4;P6;P8;PO7;PO5;PO3;POZ;PO4;PO6;PO8;CB1;O1;OZ;O2;CB2,Linked mastoids (M1/M2),,standard_1020,n/a,,Neuroscan,SynAmps,"University of Pécs, Hungary",sch_124_ec.dat,.dat,/work/gokul/ssl-eeg/code/data/orig_data/scz/sch_resting_64ch_ec/sch_124_ec.dat,/work/gokul/ssl-eeg/code/data/orig_data/scz/sch_resting_64ch_ec,,,2026-06-18T11:18:33
0062,sch_125,scz,sch_125,,,,51,F,12,control,,,RestEC,Resting State Eyes Closed,2-minute eyes-closed resting-state EEG (Racz et al. 2025),closed,1000.0,50,127.3,127300,continuous,69,64,5,ECG:1;EEG:64;EMG:1;EOG:2;STIM:1,µV:69,FP1;FPZ;FP2;AF3;AF4;F7;F5;F3;F1;FZ;F2;F4;F6;F8;FT7;FC5;FC3;FC1;FCZ;FC2;FC4;FC6;FT8;T7;C5;C3;C1;CZ;C2;C4;C6;T8;M1;TP7;CP5;CP3;CP1;CPZ;CP2;CP4;CP6;TP8;M2;P7;P5;P3;P1;PZ;P2;P4;P6;P8;PO7;PO5;PO3;POZ;PO4;PO6;PO8;CB1;O1;OZ;O2;CB2,Linked mastoids (M1/M2),,standard_1020,n/a,,Neuroscan,SynAmps,"University of Pécs, Hungary",sch_125_ec.dat,.dat,/work/gokul/ssl-eeg/code/data/orig_data/scz/sch_resting_64ch_ec/sch_125_ec.dat,/work/gokul/ssl-eeg/code/data/orig_data/scz/sch_resting_64ch_ec,,,2026-06-18T11:18:33
0063,sch_126,scz,sch_126,,,,48,F,12,control,,,RestEC,Resting State Eyes Closed,2-minute eyes-closed resting-state EEG (Racz et al. 2025),closed,1000.0,50,122.6,122600,continuous,69,64,5,ECG:1;EEG:64;EMG:1;EOG:2;STIM:1,µV:69,FP1;FPZ;FP2;AF3;AF4;F7;F5;F3;F1;FZ;F2;F4;F6;F8;FT7;FC5;FC3;FC1;FCZ;FC2;FC4;FC6;FT8;T7;C5;C3;C1;CZ;C2;C4;C6;T8;M1;TP7;CP5;CP3;CP1;CPZ;CP2;CP4;CP6;TP8;M2;P7;P5;P3;P1;PZ;P2;P4;P6;P8;PO7;PO5;PO3;POZ;PO4;PO6;PO8;CB1;O1;OZ;O2;CB2,Linked mastoids (M1/M2),,standard_1020,n/a,,Neuroscan,SynAmps,"University of Pécs, Hungary",sch_126_ec.dat,.dat,/work/gokul/ssl-eeg/code/data/orig_data/scz/sch_resting_64ch_ec/sch_126_ec.dat,/work/gokul/ssl-eeg/code/data/orig_data/scz/sch_resting_64ch_ec,,,2026-06-18T11:18:33
0064,sch_127,scz,sch_127,,,,23,M,16,control,,,RestEC,Resting State Eyes Closed,2-minute eyes-closed resting-state EEG (Racz et al. 2025),closed,1000.0,50,127.4,127400,continuous,69,64,5,ECG:1;EEG:64;EMG:1;EOG:2;STIM:1,µV:69,FP1;FPZ;FP2;AF3;AF4;F7;F5;F3;F1;FZ;F2;F4;F6;F8;FT7;FC5;FC3;FC1;FCZ;FC2;FC4;FC6;FT8;T7;C5;C3;C1;CZ;C2;C4;C6;T8;M1;TP7;CP5;CP3;CP1;CPZ;CP2;CP4;CP6;TP8;M2;P7;P5;P3;P1;PZ;P2;P4;P6;P8;PO7;PO5;PO3;POZ;PO4;PO6;PO8;CB1;O1;OZ;O2;CB2,Linked mastoids (M1/M2),,standard_1020,n/a,,Neuroscan,SynAmps,"University of Pécs, Hungary",sch_127_ec.dat,.dat,/work/gokul/ssl-eeg/code/data/orig_data/scz/sch_resting_64ch_ec/sch_127_ec.dat,/work/gokul/ssl-eeg/code/data/orig_data/scz/sch_resting_64ch_ec,,,2026-06-18T11:18:33
0065,sch_128,scz,sch_128,,,,24,M,17,control,,,RestEC,Resting State Eyes Closed,2-minute eyes-closed resting-state EEG (Racz et al. 2025),closed,1000.0,50,129.7,129700,continuous,69,64,5,ECG:1;EEG:64;EMG:1;EOG:2;STIM:1,µV:69,FP1;FPZ;FP2;AF3;AF4;F7;F5;F3;F1;FZ;F2;F4;F6;F8;FT7;FC5;FC3;FC1;FCZ;FC2;FC4;FC6;FT8;T7;C5;C3;C1;CZ;C2;C4;C6;T8;M1;TP7;CP5;CP3;CP1;CPZ;CP2;CP4;CP6;TP8;M2;P7;P5;P3;P1;PZ;P2;P4;P6;P8;PO7;PO5;PO3;POZ;PO4;PO6;PO8;CB1;O1;OZ;O2;CB2,Linked mastoids (M1/M2),,standard_1020,n/a,,Neuroscan,SynAmps,"University of Pécs, Hungary",sch_128_ec.dat,.dat,/work/gokul/ssl-eeg/code/data/orig_data/scz/sch_resting_64ch_ec/sch_128_ec.dat,/work/gokul/ssl-eeg/code/data/orig_data/scz/sch_resting_64ch_ec,,,2026-06-18T11:18:33
0066,sch_129,scz,sch_129,,,,24,M,17,control,,,RestEC,Resting State Eyes Closed,2-minute eyes-closed resting-state EEG (Racz et al. 2025),closed,1000.0,50,123.5,123500,continuous,69,64,5,ECG:1;EEG:64;EMG:1;EOG:2;STIM:1,µV:69,FP1;FPZ;FP2;AF3;AF4;F7;F5;F3;F1;FZ;F2;F4;F6;F8;FT7;FC5;FC3;FC1;FCZ;FC2;FC4;FC6;FT8;T7;C5;C3;C1;CZ;C2;C4;C6;T8;M1;TP7;CP5;CP3;CP1;CPZ;CP2;CP4;CP6;TP8;M2;P7;P5;P3;P1;PZ;P2;P4;P6;P8;PO7;PO5;PO3;POZ;PO4;PO6;PO8;CB1;O1;OZ;O2;CB2,Linked mastoids (M1/M2),,standard_1020,n/a,,Neuroscan,SynAmps,"University of Pécs, Hungary",sch_129_ec.dat,.dat,/work/gokul/ssl-eeg/code/data/orig_data/scz/sch_resting_64ch_ec/sch_129_ec.dat,/work/gokul/ssl-eeg/code/data/orig_data/scz/sch_resting_64ch_ec,,,2026-06-18T11:18:33
0067,sch_130,scz,sch_130,,,,32,F,18,control,,,RestEC,Resting State Eyes Closed,2-minute eyes-closed resting-state EEG (Racz et al. 2025),closed,1000.0,50,120.4,120400,continuous,69,64,5,ECG:1;EEG:64;EMG:1;EOG:2;STIM:1,µV:69,FP1;FPZ;FP2;AF3;AF4;F7;F5;F3;F1;FZ;F2;F4;F6;F8;FT7;FC5;FC3;FC1;FCZ;FC2;FC4;FC6;FT8;T7;C5;C3;C1;CZ;C2;C4;C6;T8;M1;TP7;CP5;CP3;CP1;CPZ;CP2;CP4;CP6;TP8;M2;P7;P5;P3;P1;PZ;P2;P4;P6;P8;PO7;PO5;PO3;POZ;PO4;PO6;PO8;CB1;O1;OZ;O2;CB2,Linked mastoids (M1/M2),,standard_1020,n/a,,Neuroscan,SynAmps,"University of Pécs, Hungary",sch_130_ec.dat,.dat,/work/gokul/ssl-eeg/code/data/orig_data/scz/sch_resting_64ch_ec/sch_130_ec.dat,/work/gokul/ssl-eeg/code/data/orig_data/scz/sch_resting_64ch_ec,,,2026-06-18T11:18:33
0068,sch_131,scz,sch_131,,,,18,F,12,control,,,RestEC,Resting State Eyes Closed,2-minute eyes-closed resting-state EEG (Racz et al. 2025),closed,1000.0,50,125.2,125200,continuous,69,64,5,ECG:1;EEG:64;EMG:1;EOG:2;STIM:1,µV:69,FP1;FPZ;FP2;AF3;AF4;F7;F5;F3;F1;FZ;F2;F4;F6;F8;FT7;FC5;FC3;FC1;FCZ;FC2;FC4;FC6;FT8;T7;C5;C3;C1;CZ;C2;C4;C6;T8;M1;TP7;CP5;CP3;CP1;CPZ;CP2;CP4;CP6;TP8;M2;P7;P5;P3;P1;PZ;P2;P4;P6;P8;PO7;PO5;PO3;POZ;PO4;PO6;PO8;CB1;O1;OZ;O2;CB2,Linked mastoids (M1/M2),,standard_1020,n/a,,Neuroscan,SynAmps,"University of Pécs, Hungary",sch_131_ec.dat,.dat,/work/gokul/ssl-eeg/code/data/orig_data/scz/sch_resting_64ch_ec/sch_131_ec.dat,/work/gokul/ssl-eeg/code/data/orig_data/scz/sch_resting_64ch_ec,,,2026-06-18T11:18:33
0069,sch_132,scz,sch_132,,,,23,M,14.5,control,,,RestEC,Resting State Eyes Closed,2-minute eyes-closed resting-state EEG (Racz et al. 2025),closed,1000.0,50,227.2,227200,continuous,69,64,5,ECG:1;EEG:64;EMG:1;EOG:2;STIM:1,µV:69,FP1;FPZ;FP2;AF3;AF4;F7;F5;F3;F1;FZ;F2;F4;F6;F8;FT7;FC5;FC3;FC1;FCZ;FC2;FC4;FC6;FT8;T7;C5;C3;C1;CZ;C2;C4;C6;T8;M1;TP7;CP5;CP3;CP1;CPZ;CP2;CP4;CP6;TP8;M2;P7;P5;P3;P1;PZ;P2;P4;P6;P8;PO7;PO5;PO3;POZ;PO4;PO6;PO8;CB1;O1;OZ;O2;CB2,Linked mastoids (M1/M2),,standard_1020,n/a,,Neuroscan,SynAmps,"University of Pécs, Hungary",sch_132_ec.dat,.dat,/work/gokul/ssl-eeg/code/data/orig_data/scz/sch_resting_64ch_ec/sch_132_ec.dat,/work/gokul/ssl-eeg/code/data/orig_data/scz/sch_resting_64ch_ec,,,2026-06-18T11:18:33
0070,sch_133,scz,sch_133,,,,25,M,18,control,,,RestEC,Resting State Eyes Closed,2-minute eyes-closed resting-state EEG (Racz et al. 2025),closed,1000.0,50,124.3,124300,continuous,69,64,5,ECG:1;EEG:64;EMG:1;EOG:2;STIM:1,µV:69,FP1;FPZ;FP2;AF3;AF4;F7;F5;F3;F1;FZ;F2;F4;F6;F8;FT7;FC5;FC3;FC1;FCZ;FC2;FC4;FC6;FT8;T7;C5;C3;C1;CZ;C2;C4;C6;T8;M1;TP7;CP5;CP3;CP1;CPZ;CP2;CP4;CP6;TP8;M2;P7;P5;P3;P1;PZ;P2;P4;P6;P8;PO7;PO5;PO3;POZ;PO4;PO6;PO8;CB1;O1;OZ;O2;CB2,Linked mastoids (M1/M2),,standard_1020,n/a,,Neuroscan,SynAmps,"University of Pécs, Hungary",sch_133_ec.dat,.dat,/work/gokul/ssl-eeg/code/data/orig_data/scz/sch_resting_64ch_ec/sch_133_ec.dat,/work/gokul/ssl-eeg/code/data/orig_data/scz/sch_resting_64ch_ec,,,2026-06-18T11:18:33
0071,sch_134,scz,sch_134,,,,27,F,14,control,,,RestEC,Resting State Eyes Closed,2-minute eyes-closed resting-state EEG (Racz et al. 2025),closed,1000.0,50,121.7,121700,continuous,69,64,5,ECG:1;EEG:64;EMG:1;EOG:2;STIM:1,µV:69,FP1;FPZ;FP2;AF3;AF4;F7;F5;F3;F1;FZ;F2;F4;F6;F8;FT7;FC5;FC3;FC1;FCZ;FC2;FC4;FC6;FT8;T7;C5;C3;C1;CZ;C2;C4;C6;T8;M1;TP7;CP5;CP3;CP1;CPZ;CP2;CP4;CP6;TP8;M2;P7;P5;P3;P1;PZ;P2;P4;P6;P8;PO7;PO5;PO3;POZ;PO4;PO6;PO8;CB1;O1;OZ;O2;CB2,Linked mastoids (M1/M2),,standard_1020,n/a,,Neuroscan,SynAmps,"University of Pécs, Hungary",sch_134_ec.dat,.dat,/work/gokul/ssl-eeg/code/data/orig_data/scz/sch_resting_64ch_ec/sch_134_ec.dat,/work/gokul/ssl-eeg/code/data/orig_data/scz/sch_resting_64ch_ec,,,2026-06-18T11:18:33
0072,sch_135,scz,sch_135,,,,26,M,13,control,,,RestEC,Resting State Eyes Closed,2-minute eyes-closed resting-state EEG (Racz et al. 2025),closed,1000.0,50,121.6,121600,continuous,69,64,5,ECG:1;EEG:64;EMG:1;EOG:2;STIM:1,µV:69,FP1;FPZ;FP2;AF3;AF4;F7;F5;F3;F1;FZ;F2;F4;F6;F8;FT7;FC5;FC3;FC1;FCZ;FC2;FC4;FC6;FT8;T7;C5;C3;C1;CZ;C2;C4;C6;T8;M1;TP7;CP5;CP3;CP1;CPZ;CP2;CP4;CP6;TP8;M2;P7;P5;P3;P1;PZ;P2;P4;P6;P8;PO7;PO5;PO3;POZ;PO4;PO6;PO8;CB1;O1;OZ;O2;CB2,Linked mastoids (M1/M2),,standard_1020,n/a,,Neuroscan,SynAmps,"University of Pécs, Hungary",sch_135_ec.dat,.dat,/work/gokul/ssl-eeg/code/data/orig_data/scz/sch_resting_64ch_ec/sch_135_ec.dat,/work/gokul/ssl-eeg/code/data/orig_data/scz/sch_resting_64ch_ec,,,2026-06-18T11:18:33
0073,sch_136,scz,sch_136,,,,32,F,17,control,,,RestEC,Resting State Eyes Closed,2-minute eyes-closed resting-state EEG (Racz et al. 2025),closed,1000.0,50,122.1,122100,continuous,69,64,5,ECG:1;EEG:64;EMG:1;EOG:2;STIM:1,µV:69,FP1;FPZ;FP2;AF3;AF4;F7;F5;F3;F1;FZ;F2;F4;F6;F8;FT7;FC5;FC3;FC1;FCZ;FC2;FC4;FC6;FT8;T7;C5;C3;C1;CZ;C2;C4;C6;T8;M1;TP7;CP5;CP3;CP1;CPZ;CP2;CP4;CP6;TP8;M2;P7;P5;P3;P1;PZ;P2;P4;P6;P8;PO7;PO5;PO3;POZ;PO4;PO6;PO8;CB1;O1;OZ;O2;CB2,Linked mastoids (M1/M2),,standard_1020,n/a,,Neuroscan,SynAmps,"University of Pécs, Hungary",sch_136_ec.dat,.dat,/work/gokul/ssl-eeg/code/data/orig_data/scz/sch_resting_64ch_ec/sch_136_ec.dat,/work/gokul/ssl-eeg/code/data/orig_data/scz/sch_resting_64ch_ec,,,2026-06-18T11:18:33
0074,sch_137,scz,sch_137,,,,20,M,13,control,,,RestEC,Resting State Eyes Closed,2-minute eyes-closed resting-state EEG (Racz et al. 2025),closed,1000.0,50,121.7,121700,continuous,69,64,5,ECG:1;EEG:64;EMG:1;EOG:2;STIM:1,µV:69,FP1;FPZ;FP2;AF3;AF4;F7;F5;F3;F1;FZ;F2;F4;F6;F8;FT7;FC5;FC3;FC1;FCZ;FC2;FC4;FC6;FT8;T7;C5;C3;C1;CZ;C2;C4;C6;T8;M1;TP7;CP5;CP3;CP1;CPZ;CP2;CP4;CP6;TP8;M2;P7;P5;P3;P1;PZ;P2;P4;P6;P8;PO7;PO5;PO3;POZ;PO4;PO6;PO8;CB1;O1;OZ;O2;CB2,Linked mastoids (M1/M2),,standard_1020,n/a,,Neuroscan,SynAmps,"University of Pécs, Hungary",sch_137_ec.dat,.dat,/work/gokul/ssl-eeg/code/data/orig_data/scz/sch_resting_64ch_ec/sch_137_ec.dat,/work/gokul/ssl-eeg/code/data/orig_data/scz/sch_resting_64ch_ec,,,2026-06-18T11:18:33
0075,sch_138,scz,sch_138,,,,23,M,16,control,,,RestEC,Resting State Eyes Closed,2-minute eyes-closed resting-state EEG (Racz et al. 2025),closed,1000.0,50,125.7,125700,continuous,69,64,5,ECG:1;EEG:64;EMG:1;EOG:2;STIM:1,µV:69,FP1;FPZ;FP2;AF3;AF4;F7;F5;F3;F1;FZ;F2;F4;F6;F8;FT7;FC5;FC3;FC1;FCZ;FC2;FC4;FC6;FT8;T7;C5;C3;C1;CZ;C2;C4;C6;T8;M1;TP7;CP5;CP3;CP1;CPZ;CP2;CP4;CP6;TP8;M2;P7;P5;P3;P1;PZ;P2;P4;P6;P8;PO7;PO5;PO3;POZ;PO4;PO6;PO8;CB1;O1;OZ;O2;CB2,Linked mastoids (M1/M2),,standard_1020,n/a,,Neuroscan,SynAmps,"University of Pécs, Hungary",sch_138_ec.dat,.dat,/work/gokul/ssl-eeg/code/data/orig_data/scz/sch_resting_64ch_ec/sch_138_ec.dat,/work/gokul/ssl-eeg/code/data/orig_data/scz/sch_resting_64ch_ec,,,2026-06-18T11:18:33
0076,sch_140,scz,sch_140,,,,27,M,13,control,,,RestEC,Resting State Eyes Closed,2-minute eyes-closed resting-state EEG (Racz et al. 2025),closed,1000.0,50,122.6,122600,continuous,69,64,5,ECG:1;EEG:64;EMG:1;EOG:2;STIM:1,µV:69,FP1;FPZ;FP2;AF3;AF4;F7;F5;F3;F1;FZ;F2;F4;F6;F8;FT7;FC5;FC3;FC1;FCZ;FC2;FC4;FC6;FT8;T7;C5;C3;C1;CZ;C2;C4;C6;T8;M1;TP7;CP5;CP3;CP1;CPZ;CP2;CP4;CP6;TP8;M2;P7;P5;P3;P1;PZ;P2;P4;P6;P8;PO7;PO5;PO3;POZ;PO4;PO6;PO8;CB1;O1;OZ;O2;CB2,Linked mastoids (M1/M2),,standard_1020,n/a,,Neuroscan,SynAmps,"University of Pécs, Hungary",sch_140_ec.dat,.dat,/work/gokul/ssl-eeg/code/data/orig_data/scz/sch_resting_64ch_ec/sch_140_ec.dat,/work/gokul/ssl-eeg/code/data/orig_data/scz/sch_resting_64ch_ec,,,2026-06-18T11:18:33
0077,sch_333,scz,sch_333,,,,33,M,15,control,,,RestEC,Resting State Eyes Closed,2-minute eyes-closed resting-state EEG (Racz et al. 2025),closed,1000.0,50,120.2,120200,continuous,69,64,5,ECG:1;EEG:64;EMG:1;EOG:2;STIM:1,µV:69,FP1;FPZ;FP2;AF3;AF4;F7;F5;F3;F1;FZ;F2;F4;F6;F8;FT7;FC5;FC3;FC1;FCZ;FC2;FC4;FC6;FT8;T7;C5;C3;C1;CZ;C2;C4;C6;T8;M1;TP7;CP5;CP3;CP1;CPZ;CP2;CP4;CP6;TP8;M2;P7;P5;P3;P1;PZ;P2;P4;P6;P8;PO7;PO5;PO3;POZ;PO4;PO6;PO8;CB1;O1;OZ;O2;CB2,Linked mastoids (M1/M2),,standard_1020,n/a,,Neuroscan,SynAmps,"University of Pécs, Hungary",sch_333_ec.dat,.dat,/work/gokul/ssl-eeg/code/data/orig_data/scz/sch_resting_64ch_ec/sch_333_ec.dat,/work/gokul/ssl-eeg/code/data/orig_data/scz/sch_resting_64ch_ec,,,2026-06-18T11:18:33
