new_id,old_id,dataset_id,subject_id,session_id,session_num,run,age,sex,race,ethnicity,diagnosis,task_label,task_name,task_description,eyes_condition,sampling_rate_hz,powerline_freq_hz,recording_duration_sec,n_timepoints,recording_type,n_total_channels,n_eeg_channels,n_other_channels,channel_types_tsv,channel_unit,channel_names,eeg_reference,eeg_ground,eeg_placement_scheme,software_filters,hardware_filters,cap_manufacturer,cap_model,institution,file_name,file_extension,file_path_raw,subject_dir,eeg_json_path,channels_tsv_path,table_generated_at
0001,sub-1448,ds003944,sub-1448,,,,15.7344284736482,M,White,Not Hispanic,control,Rest,Rest,"In this resting task, participants were asked to let their mind wander while focusing on a fixation point. The fixation point was a plus-sign projected onto a screen in the MEG recording room about 1 meter from the participant.",open,1000.0,60,306.0,306000,continuous,64,61,3,ECG:1;EEG:61;EOG:1;MISC:1,microV:61,FP1;FPz;FP2;AF7;AF3;AF4;AF6;F7;F5;F3;F1;Fz;F2;F4;F6;F8;FT9;FT7;FC5;FC1;FC2;FC6;FT8;FT10;T9;T7;C5;C3;C1;Cz;C2;C4;C6;T8;T10;TP9;TP7;CP3;CP1;CP2;CP4;TP8;TP10;P7;P5;P3;P1;Pz;P2;P4;P6;P8;PO7;PO3;PO4;PO8;O1;Oz;O2;Iz;M2,TP9,,,n/a,,,Elekta Neuromag Vectorview,University of Pittsburgh School of Medicine,sub-1448_task-Rest_eeg.vhdr,.vhdr,/mnt/datasets_v7/gokul/EEGData/ds003944/sub-1448/eeg/sub-1448_task-Rest_eeg.vhdr,/mnt/datasets_v7/gokul/EEGData/ds003944/sub-1448,/mnt/datasets_v7/gokul/EEGData/ds003944/sub-1448/eeg/sub-1448_task-Rest_eeg.json,/mnt/datasets_v7/gokul/EEGData/ds003944/sub-1448/eeg/sub-1448_task-Rest_channels.tsv,2026-06-14T16:26:34
0002,sub-1824,ds003944,sub-1824,,,,21.4976043805613,F,White,Not Hispanic,psychosis,Rest,Rest,"In this resting task, participants were asked to let their mind wander while focusing on a fixation point. The fixation point was a plus-sign projected onto a screen in the MEG recording room about 1 meter from the participant.",open,1000.0,60,301.0,301000,continuous,64,61,3,ECG:1;EEG:61;EOG:1;MISC:1,microV:61,FP1;FPz;FP2;AF7;AF3;AF4;AF6;F7;F5;F3;F1;Fz;F2;F4;F6;F8;FT9;FT7;FC5;FC1;FC2;FC6;FT8;FT10;T9;T7;C5;C3;C1;Cz;C2;C4;C6;T8;T10;TP9;TP7;CP3;CP1;CP2;CP4;TP8;TP10;P7;P5;P3;P1;Pz;P2;P4;P6;P8;PO7;PO3;PO4;PO8;O1;Oz;O2;Iz;M2,TP9,,,n/a,,,Elekta Neuromag Vectorview,University of Pittsburgh School of Medicine,sub-1824_task-Rest_eeg.vhdr,.vhdr,/mnt/datasets_v7/gokul/EEGData/ds003944/sub-1824/eeg/sub-1824_task-Rest_eeg.vhdr,/mnt/datasets_v7/gokul/EEGData/ds003944/sub-1824,/mnt/datasets_v7/gokul/EEGData/ds003944/sub-1824/eeg/sub-1824_task-Rest_eeg.json,/mnt/datasets_v7/gokul/EEGData/ds003944/sub-1824/eeg/sub-1824_task-Rest_channels.tsv,2026-06-14T16:26:34
0003,sub-1971,ds003944,sub-1971,,,,22.4421629021218,F,Black,Not Hispanic,control,Rest,Rest,"In this resting task, participants were asked to let their mind wander while focusing on a fixation point. The fixation point was a plus-sign projected onto a screen in the MEG recording room about 1 meter from the participant.",open,1000.0,60,301.0,301000,continuous,64,61,3,ECG:1;EEG:61;EOG:1;MISC:1,microV:61,FP1;FPz;FP2;AF7;AF3;AF4;AF6;F7;F5;F3;F1;Fz;F2;F4;F6;F8;FT9;FT7;FC5;FC1;FC2;FC6;FT8;FT10;T9;T7;C5;C3;C1;Cz;C2;C4;C6;T8;T10;TP9;TP7;CP3;CP1;CP2;CP4;TP8;TP10;P7;P5;P3;P1;Pz;P2;P4;P6;P8;PO7;PO3;PO4;PO8;O1;Oz;O2;Iz;M2,TP9,,,n/a,,,Elekta Neuromag Vectorview,University of Pittsburgh School of Medicine,sub-1971_task-Rest_eeg.vhdr,.vhdr,/mnt/datasets_v7/gokul/EEGData/ds003944/sub-1971/eeg/sub-1971_task-Rest_eeg.vhdr,/mnt/datasets_v7/gokul/EEGData/ds003944/sub-1971,/mnt/datasets_v7/gokul/EEGData/ds003944/sub-1971/eeg/sub-1971_task-Rest_eeg.json,/mnt/datasets_v7/gokul/EEGData/ds003944/sub-1971/eeg/sub-1971_task-Rest_channels.tsv,2026-06-14T16:26:34
0004,sub-1983,ds003944,sub-1983,,,,19.3511293634497,M,White,Not Hispanic,psychosis,Rest,Rest,"In this resting task, participants were asked to let their mind wander while focusing on a fixation point. The fixation point was a plus-sign projected onto a screen in the MEG recording room about 1 meter from the participant.",open,1000.0,60,301.0,301000,continuous,64,61,3,ECG:1;EEG:61;EOG:1;MISC:1,microV:61,FP1;FPz;FP2;AF7;AF3;AF4;AF6;F7;F5;F3;F1;Fz;F2;F4;F6;F8;FT9;FT7;FC5;FC1;FC2;FC6;FT8;FT10;T9;T7;C5;C3;C1;Cz;C2;C4;C6;T8;T10;TP9;TP7;CP3;CP1;CP2;CP4;TP8;TP10;P7;P5;P3;P1;Pz;P2;P4;P6;P8;PO7;PO3;PO4;PO8;O1;Oz;O2;Iz;M2,TP9,,,n/a,,,Elekta Neuromag Vectorview,University of Pittsburgh School of Medicine,sub-1983_task-Rest_eeg.vhdr,.vhdr,/mnt/datasets_v7/gokul/EEGData/ds003944/sub-1983/eeg/sub-1983_task-Rest_eeg.vhdr,/mnt/datasets_v7/gokul/EEGData/ds003944/sub-1983,/mnt/datasets_v7/gokul/EEGData/ds003944/sub-1983/eeg/sub-1983_task-Rest_eeg.json,/mnt/datasets_v7/gokul/EEGData/ds003944/sub-1983/eeg/sub-1983_task-Rest_channels.tsv,2026-06-14T16:26:34
0005,sub-1989,ds003944,sub-1989,,,,22.0616016427105,F,White,Not Hispanic,control,Rest,Rest,"In this resting task, participants were asked to let their mind wander while focusing on a fixation point. The fixation point was a plus-sign projected onto a screen in the MEG recording room about 1 meter from the participant.",open,1000.0,60,310.0,310000,continuous,64,61,3,ECG:1;EEG:61;EOG:1;MISC:1,microV:61,FP1;FPz;FP2;AF7;AF3;AF4;AF6;F7;F5;F3;F1;Fz;F2;F4;F6;F8;FT9;FT7;FC5;FC1;FC2;FC6;FT8;FT10;T9;T7;C5;C3;C1;Cz;C2;C4;C6;T8;T10;TP9;TP7;CP3;CP1;CP2;CP4;TP8;TP10;P7;P5;P3;P1;Pz;P2;P4;P6;P8;PO7;PO3;PO4;PO8;O1;Oz;O2;Iz;M2,TP9,,,n/a,,,Elekta Neuromag Vectorview,University of Pittsburgh School of Medicine,sub-1989_task-Rest_eeg.vhdr,.vhdr,/mnt/datasets_v7/gokul/EEGData/ds003944/sub-1989/eeg/sub-1989_task-Rest_eeg.vhdr,/mnt/datasets_v7/gokul/EEGData/ds003944/sub-1989,/mnt/datasets_v7/gokul/EEGData/ds003944/sub-1989/eeg/sub-1989_task-Rest_eeg.json,/mnt/datasets_v7/gokul/EEGData/ds003944/sub-1989/eeg/sub-1989_task-Rest_channels.tsv,2026-06-14T16:26:34
0006,sub-1990,ds003944,sub-1990,,,,17.5989048596851,F,Black,Not Hispanic,psychosis,Rest,Rest,"In this resting task, participants were asked to let their mind wander while focusing on a fixation point. The fixation point was a plus-sign projected onto a screen in the MEG recording room about 1 meter from the participant.",open,1000.0,60,301.0,301000,continuous,64,61,3,ECG:1;EEG:61;EOG:1;MISC:1,microV:61,FP1;FPz;FP2;AF7;AF3;AF4;AF6;F7;F5;F3;F1;Fz;F2;F4;F6;F8;FT9;FT7;FC5;FC1;FC2;FC6;FT8;FT10;T9;T7;C5;C3;C1;Cz;C2;C4;C6;T8;T10;TP9;TP7;CP3;CP1;CP2;CP4;TP8;TP10;P7;P5;P3;P1;Pz;P2;P4;P6;P8;PO7;PO3;PO4;PO8;O1;Oz;O2;Iz;M2,TP9,,,n/a,,,Elekta Neuromag Vectorview,University of Pittsburgh School of Medicine,sub-1990_task-Rest_eeg.vhdr,.vhdr,/mnt/datasets_v7/gokul/EEGData/ds003944/sub-1990/eeg/sub-1990_task-Rest_eeg.vhdr,/mnt/datasets_v7/gokul/EEGData/ds003944/sub-1990,/mnt/datasets_v7/gokul/EEGData/ds003944/sub-1990/eeg/sub-1990_task-Rest_eeg.json,/mnt/datasets_v7/gokul/EEGData/ds003944/sub-1990/eeg/sub-1990_task-Rest_channels.tsv,2026-06-14T16:26:34
0007,sub-1998,ds003944,sub-1998,,,,21.7357973990417,F,Asian,Not Hispanic,psychosis,Rest,Rest,"In this resting task, participants were asked to let their mind wander while focusing on a fixation point. The fixation point was a plus-sign projected onto a screen in the MEG recording room about 1 meter from the participant.",open,1000.0,60,302.0,302000,continuous,64,61,3,ECG:1;EEG:61;EOG:1;MISC:1,microV:61,FP1;FPz;FP2;AF7;AF3;AF4;AF6;F7;F5;F3;F1;Fz;F2;F4;F6;F8;FT9;FT7;FC5;FC1;FC2;FC6;FT8;FT10;T9;T7;C5;C3;C1;Cz;C2;C4;C6;T8;T10;TP9;TP7;CP3;CP1;CP2;CP4;TP8;TP10;P7;P5;P3;P1;Pz;P2;P4;P6;P8;PO7;PO3;PO4;PO8;O1;Oz;O2;Iz;M2,TP9,,,n/a,,,Elekta Neuromag Vectorview,University of Pittsburgh School of Medicine,sub-1998_task-Rest_eeg.vhdr,.vhdr,/mnt/datasets_v7/gokul/EEGData/ds003944/sub-1998/eeg/sub-1998_task-Rest_eeg.vhdr,/mnt/datasets_v7/gokul/EEGData/ds003944/sub-1998,/mnt/datasets_v7/gokul/EEGData/ds003944/sub-1998/eeg/sub-1998_task-Rest_eeg.json,/mnt/datasets_v7/gokul/EEGData/ds003944/sub-1998/eeg/sub-1998_task-Rest_channels.tsv,2026-06-14T16:26:34
0008,sub-1999,ds003944,sub-1999,,,,22.839151266256,F,Asian,Not Hispanic,control,Rest,Rest,"In this resting task, participants were asked to let their mind wander while focusing on a fixation point. The fixation point was a plus-sign projected onto a screen in the MEG recording room about 1 meter from the participant.",open,1000.0,60,302.0,302000,continuous,64,61,3,ECG:1;EEG:61;EOG:1;MISC:1,microV:61,FP1;FPz;FP2;AF7;AF3;AF4;AF6;F7;F5;F3;F1;Fz;F2;F4;F6;F8;FT9;FT7;FC5;FC1;FC2;FC6;FT8;FT10;T9;T7;C5;C3;C1;Cz;C2;C4;C6;T8;T10;TP9;TP7;CP3;CP1;CP2;CP4;TP8;TP10;P7;P5;P3;P1;Pz;P2;P4;P6;P8;PO7;PO3;PO4;PO8;O1;Oz;O2;Iz;M2,TP9,,,n/a,,,Elekta Neuromag Vectorview,University of Pittsburgh School of Medicine,sub-1999_task-Rest_eeg.vhdr,.vhdr,/mnt/datasets_v7/gokul/EEGData/ds003944/sub-1999/eeg/sub-1999_task-Rest_eeg.vhdr,/mnt/datasets_v7/gokul/EEGData/ds003944/sub-1999,/mnt/datasets_v7/gokul/EEGData/ds003944/sub-1999/eeg/sub-1999_task-Rest_eeg.json,/mnt/datasets_v7/gokul/EEGData/ds003944/sub-1999/eeg/sub-1999_task-Rest_channels.tsv,2026-06-14T16:26:34
0009,sub-2000,ds003944,sub-2000,,,,16.4791238877481,M,White,Not Hispanic,psychosis,Rest,Rest,"In this resting task, participants were asked to let their mind wander while focusing on a fixation point. The fixation point was a plus-sign projected onto a screen in the MEG recording room about 1 meter from the participant.",open,1000.0,60,312.0,312000,continuous,64,61,3,ECG:1;EEG:61;EOG:1;MISC:1,microV:61,FP1;FPz;FP2;AF7;AF3;AF4;AF6;F7;F5;F3;F1;Fz;F2;F4;F6;F8;FT9;FT7;FC5;FC1;FC2;FC6;FT8;FT10;T9;T7;C5;C3;C1;Cz;C2;C4;C6;T8;T10;TP9;TP7;CP3;CP1;CP2;CP4;TP8;TP10;P7;P5;P3;P1;Pz;P2;P4;P6;P8;PO7;PO3;PO4;PO8;O1;Oz;O2;Iz;M2,TP9,,,n/a,,,Elekta Neuromag Vectorview,University of Pittsburgh School of Medicine,sub-2000_task-Rest_eeg.vhdr,.vhdr,/mnt/datasets_v7/gokul/EEGData/ds003944/sub-2000/eeg/sub-2000_task-Rest_eeg.vhdr,/mnt/datasets_v7/gokul/EEGData/ds003944/sub-2000,/mnt/datasets_v7/gokul/EEGData/ds003944/sub-2000/eeg/sub-2000_task-Rest_eeg.json,/mnt/datasets_v7/gokul/EEGData/ds003944/sub-2000/eeg/sub-2000_task-Rest_channels.tsv,2026-06-14T16:26:34
0010,sub-2002,ds003944,sub-2002,,,,23.0527036276523,M,White,Not Hispanic,psychosis,Rest,Rest,"In this resting task, participants were asked to let their mind wander while focusing on a fixation point. The fixation point was a plus-sign projected onto a screen in the MEG recording room about 1 meter from the participant.",open,1000.0,60,303.0,303000,continuous,64,61,3,ECG:1;EEG:61;EOG:1;MISC:1,microV:61,FP1;FPz;FP2;AF7;AF3;AF4;AF6;F7;F5;F3;F1;Fz;F2;F4;F6;F8;FT9;FT7;FC5;FC1;FC2;FC6;FT8;FT10;T9;T7;C5;C3;C1;Cz;C2;C4;C6;T8;T10;TP9;TP7;CP3;CP1;CP2;CP4;TP8;TP10;P7;P5;P3;P1;Pz;P2;P4;P6;P8;PO7;PO3;PO4;PO8;O1;Oz;O2;Iz;M2,TP9,,,n/a,,,Elekta Neuromag Vectorview,University of Pittsburgh School of Medicine,sub-2002_task-Rest_eeg.vhdr,.vhdr,/mnt/datasets_v7/gokul/EEGData/ds003944/sub-2002/eeg/sub-2002_task-Rest_eeg.vhdr,/mnt/datasets_v7/gokul/EEGData/ds003944/sub-2002,/mnt/datasets_v7/gokul/EEGData/ds003944/sub-2002/eeg/sub-2002_task-Rest_eeg.json,/mnt/datasets_v7/gokul/EEGData/ds003944/sub-2002/eeg/sub-2002_task-Rest_channels.tsv,2026-06-14T16:26:34
0011,sub-2009,ds003944,sub-2009,,,,25.388090349076,F,White,Not Hispanic,control,Rest,Rest,"In this resting task, participants were asked to let their mind wander while focusing on a fixation point. The fixation point was a plus-sign projected onto a screen in the MEG recording room about 1 meter from the participant.",open,1000.0,60,306.0,306000,continuous,64,61,3,ECG:1;EEG:61;EOG:1;MISC:1,microV:61,FP1;FPz;FP2;AF7;AF3;AF4;AF6;F7;F5;F3;F1;Fz;F2;F4;F6;F8;FT9;FT7;FC5;FC1;FC2;FC6;FT8;FT10;T9;T7;C5;C3;C1;Cz;C2;C4;C6;T8;T10;TP9;TP7;CP3;CP1;CP2;CP4;TP8;TP10;P7;P5;P3;P1;Pz;P2;P4;P6;P8;PO7;PO3;PO4;PO8;O1;Oz;O2;Iz;M2,TP9,,,n/a,,,Elekta Neuromag Vectorview,University of Pittsburgh School of Medicine,sub-2009_task-Rest_eeg.vhdr,.vhdr,/mnt/datasets_v7/gokul/EEGData/ds003944/sub-2009/eeg/sub-2009_task-Rest_eeg.vhdr,/mnt/datasets_v7/gokul/EEGData/ds003944/sub-2009,/mnt/datasets_v7/gokul/EEGData/ds003944/sub-2009/eeg/sub-2009_task-Rest_eeg.json,/mnt/datasets_v7/gokul/EEGData/ds003944/sub-2009/eeg/sub-2009_task-Rest_channels.tsv,2026-06-14T16:26:34
0012,sub-2015,ds003944,sub-2015,,,,20.8870636550308,M,Mixed,Not Hispanic,psychosis,Rest,Rest,"In this resting task, participants were asked to let their mind wander while focusing on a fixation point. The fixation point was a plus-sign projected onto a screen in the MEG recording room about 1 meter from the participant.",open,1000.0,60,304.0,304000,continuous,64,61,3,ECG:1;EEG:61;EOG:1;MISC:1,microV:61,FP1;FPz;FP2;AF7;AF3;AF4;AF6;F7;F5;F3;F1;Fz;F2;F4;F6;F8;FT9;FT7;FC5;FC1;FC2;FC6;FT8;FT10;T9;T7;C5;C3;C1;Cz;C2;C4;C6;T8;T10;TP9;TP7;CP3;CP1;CP2;CP4;TP8;TP10;P7;P5;P3;P1;Pz;P2;P4;P6;P8;PO7;PO3;PO4;PO8;O1;Oz;O2;Iz;M2,TP9,,,n/a,,,Elekta Neuromag Vectorview,University of Pittsburgh School of Medicine,sub-2015_task-Rest_eeg.vhdr,.vhdr,/mnt/datasets_v7/gokul/EEGData/ds003944/sub-2015/eeg/sub-2015_task-Rest_eeg.vhdr,/mnt/datasets_v7/gokul/EEGData/ds003944/sub-2015,/mnt/datasets_v7/gokul/EEGData/ds003944/sub-2015/eeg/sub-2015_task-Rest_eeg.json,/mnt/datasets_v7/gokul/EEGData/ds003944/sub-2015/eeg/sub-2015_task-Rest_channels.tsv,2026-06-14T16:26:34
0013,sub-2017,ds003944,sub-2017,,,,21.9767282683094,M,Black,Not Hispanic,control,Rest,Rest,"In this resting task, participants were asked to let their mind wander while focusing on a fixation point. The fixation point was a plus-sign projected onto a screen in the MEG recording room about 1 meter from the participant.",open,1000.0,60,303.0,303000,continuous,64,61,3,ECG:1;EEG:61;EOG:1;MISC:1,microV:61,FP1;FPz;FP2;AF7;AF3;AF4;AF6;F7;F5;F3;F1;Fz;F2;F4;F6;F8;FT9;FT7;FC5;FC1;FC2;FC6;FT8;FT10;T9;T7;C5;C3;C1;Cz;C2;C4;C6;T8;T10;TP9;TP7;CP3;CP1;CP2;CP4;TP8;TP10;P7;P5;P3;P1;Pz;P2;P4;P6;P8;PO7;PO3;PO4;PO8;O1;Oz;O2;Iz;M2,TP9,,,n/a,,,Elekta Neuromag Vectorview,University of Pittsburgh School of Medicine,sub-2017_task-Rest_eeg.vhdr,.vhdr,/mnt/datasets_v7/gokul/EEGData/ds003944/sub-2017/eeg/sub-2017_task-Rest_eeg.vhdr,/mnt/datasets_v7/gokul/EEGData/ds003944/sub-2017,/mnt/datasets_v7/gokul/EEGData/ds003944/sub-2017/eeg/sub-2017_task-Rest_eeg.json,/mnt/datasets_v7/gokul/EEGData/ds003944/sub-2017/eeg/sub-2017_task-Rest_channels.tsv,2026-06-14T16:26:34
0014,sub-2018,ds003944,sub-2018,,,,19.1211498973306,M,White,Not Hispanic,psychosis,Rest,Rest,"In this resting task, participants were asked to let their mind wander while focusing on a fixation point. The fixation point was a plus-sign projected onto a screen in the MEG recording room about 1 meter from the participant.",open,1000.0,60,302.0,302000,continuous,64,61,3,ECG:1;EEG:61;EOG:1;MISC:1,microV:61,FP1;FPz;FP2;AF7;AF3;AF4;AF6;F7;F5;F3;F1;Fz;F2;F4;F6;F8;FT9;FT7;FC5;FC1;FC2;FC6;FT8;FT10;T9;T7;C5;C3;C1;Cz;C2;C4;C6;T8;T10;TP9;TP7;CP3;CP1;CP2;CP4;TP8;TP10;P7;P5;P3;P1;Pz;P2;P4;P6;P8;PO7;PO3;PO4;PO8;O1;Oz;O2;Iz;M2,TP9,,,n/a,,,Elekta Neuromag Vectorview,University of Pittsburgh School of Medicine,sub-2018_task-Rest_eeg.vhdr,.vhdr,/mnt/datasets_v7/gokul/EEGData/ds003944/sub-2018/eeg/sub-2018_task-Rest_eeg.vhdr,/mnt/datasets_v7/gokul/EEGData/ds003944/sub-2018,/mnt/datasets_v7/gokul/EEGData/ds003944/sub-2018/eeg/sub-2018_task-Rest_eeg.json,/mnt/datasets_v7/gokul/EEGData/ds003944/sub-2018/eeg/sub-2018_task-Rest_channels.tsv,2026-06-14T16:26:34
0015,sub-2020,ds003944,sub-2020,,,,14.3189596167009,F,Black,Not Hispanic,psychosis,Rest,Rest,"In this resting task, participants were asked to let their mind wander while focusing on a fixation point. The fixation point was a plus-sign projected onto a screen in the MEG recording room about 1 meter from the participant.",open,1000.0,60,302.0,302000,continuous,64,61,3,ECG:1;EEG:61;EOG:1;MISC:1,microV:61,FP1;FPz;FP2;AF7;AF3;AF4;AF6;F7;F5;F3;F1;Fz;F2;F4;F6;F8;FT9;FT7;FC5;FC1;FC2;FC6;FT8;FT10;T9;T7;C5;C3;C1;Cz;C2;C4;C6;T8;T10;TP9;TP7;CP3;CP1;CP2;CP4;TP8;TP10;P7;P5;P3;P1;Pz;P2;P4;P6;P8;PO7;PO3;PO4;PO8;O1;Oz;O2;Iz;M2,TP9,,,n/a,,,Elekta Neuromag Vectorview,University of Pittsburgh School of Medicine,sub-2020_task-Rest_eeg.vhdr,.vhdr,/mnt/datasets_v7/gokul/EEGData/ds003944/sub-2020/eeg/sub-2020_task-Rest_eeg.vhdr,/mnt/datasets_v7/gokul/EEGData/ds003944/sub-2020,/mnt/datasets_v7/gokul/EEGData/ds003944/sub-2020/eeg/sub-2020_task-Rest_eeg.json,/mnt/datasets_v7/gokul/EEGData/ds003944/sub-2020/eeg/sub-2020_task-Rest_channels.tsv,2026-06-14T16:26:34
0016,sub-2025,ds003944,sub-2025,,,,22.9185489390828,M,Black,Not Hispanic,control,Rest,Rest,"In this resting task, participants were asked to let their mind wander while focusing on a fixation point. The fixation point was a plus-sign projected onto a screen in the MEG recording room about 1 meter from the participant.",open,1000.0,60,301.0,301000,continuous,64,61,3,ECG:1;EEG:61;EOG:1;MISC:1,microV:61,FP1;FPz;FP2;AF7;AF3;AF4;AF6;F7;F5;F3;F1;Fz;F2;F4;F6;F8;FT9;FT7;FC5;FC1;FC2;FC6;FT8;FT10;T9;T7;C5;C3;C1;Cz;C2;C4;C6;T8;T10;TP9;TP7;CP3;CP1;CP2;CP4;TP8;TP10;P7;P5;P3;P1;Pz;P2;P4;P6;P8;PO7;PO3;PO4;PO8;O1;Oz;O2;Iz;M2,TP9,,,n/a,,,Elekta Neuromag Vectorview,University of Pittsburgh School of Medicine,sub-2025_task-Rest_eeg.vhdr,.vhdr,/mnt/datasets_v7/gokul/EEGData/ds003944/sub-2025/eeg/sub-2025_task-Rest_eeg.vhdr,/mnt/datasets_v7/gokul/EEGData/ds003944/sub-2025,/mnt/datasets_v7/gokul/EEGData/ds003944/sub-2025/eeg/sub-2025_task-Rest_eeg.json,/mnt/datasets_v7/gokul/EEGData/ds003944/sub-2025/eeg/sub-2025_task-Rest_channels.tsv,2026-06-14T16:26:34
0017,sub-2028,ds003944,sub-2028,,,,30.7789185489391,M,White,Not Hispanic,psychosis,Rest,Rest,"In this resting task, participants were asked to let their mind wander while focusing on a fixation point. The fixation point was a plus-sign projected onto a screen in the MEG recording room about 1 meter from the participant.",open,1000.0,60,301.0,301000,continuous,64,61,3,ECG:1;EEG:61;EOG:1;MISC:1,microV:61,FP1;FPz;FP2;AF7;AF3;AF4;AF6;F7;F5;F3;F1;Fz;F2;F4;F6;F8;FT9;FT7;FC5;FC1;FC2;FC6;FT8;FT10;T9;T7;C5;C3;C1;Cz;C2;C4;C6;T8;T10;TP9;TP7;CP3;CP1;CP2;CP4;TP8;TP10;P7;P5;P3;P1;Pz;P2;P4;P6;P8;PO7;PO3;PO4;PO8;O1;Oz;O2;Iz;M2,TP9,,,n/a,,,Elekta Neuromag Vectorview,University of Pittsburgh School of Medicine,sub-2028_task-Rest_eeg.vhdr,.vhdr,/mnt/datasets_v7/gokul/EEGData/ds003944/sub-2028/eeg/sub-2028_task-Rest_eeg.vhdr,/mnt/datasets_v7/gokul/EEGData/ds003944/sub-2028,/mnt/datasets_v7/gokul/EEGData/ds003944/sub-2028/eeg/sub-2028_task-Rest_eeg.json,/mnt/datasets_v7/gokul/EEGData/ds003944/sub-2028/eeg/sub-2028_task-Rest_channels.tsv,2026-06-14T16:26:34
0018,sub-2034,ds003944,sub-2034,,,,26.6392881587953,M,Black,Not Hispanic,psychosis,Rest,Rest,"In this resting task, participants were asked to let their mind wander while focusing on a fixation point. The fixation point was a plus-sign projected onto a screen in the MEG recording room about 1 meter from the participant.",open,1000.0,60,302.0,302000,continuous,64,61,3,ECG:1;EEG:61;EOG:1;MISC:1,microV:61,FP1;FPz;FP2;AF7;AF3;AF4;AF6;F7;F5;F3;F1;Fz;F2;F4;F6;F8;FT9;FT7;FC5;FC1;FC2;FC6;FT8;FT10;T9;T7;C5;C3;C1;Cz;C2;C4;C6;T8;T10;TP9;TP7;CP3;CP1;CP2;CP4;TP8;TP10;P7;P5;P3;P1;Pz;P2;P4;P6;P8;PO7;PO3;PO4;PO8;O1;Oz;O2;Iz;M2,TP9,,,n/a,,,Elekta Neuromag Vectorview,University of Pittsburgh School of Medicine,sub-2034_task-Rest_eeg.vhdr,.vhdr,/mnt/datasets_v7/gokul/EEGData/ds003944/sub-2034/eeg/sub-2034_task-Rest_eeg.vhdr,/mnt/datasets_v7/gokul/EEGData/ds003944/sub-2034,/mnt/datasets_v7/gokul/EEGData/ds003944/sub-2034/eeg/sub-2034_task-Rest_eeg.json,/mnt/datasets_v7/gokul/EEGData/ds003944/sub-2034/eeg/sub-2034_task-Rest_channels.tsv,2026-06-14T16:26:34
0019,sub-2038,ds003944,sub-2038,,,,21.3963039014374,M,Asian,Not Hispanic,control,Rest,Rest,"In this resting task, participants were asked to let their mind wander while focusing on a fixation point. The fixation point was a plus-sign projected onto a screen in the MEG recording room about 1 meter from the participant.",open,1000.0,60,301.0,301000,continuous,64,61,3,ECG:1;EEG:61;EOG:1;MISC:1,microV:61,FP1;FPz;FP2;AF7;AF3;AF4;AF6;F7;F5;F3;F1;Fz;F2;F4;F6;F8;FT9;FT7;FC5;FC1;FC2;FC6;FT8;FT10;T9;T7;C5;C3;C1;Cz;C2;C4;C6;T8;T10;TP9;TP7;CP3;CP1;CP2;CP4;TP8;TP10;P7;P5;P3;P1;Pz;P2;P4;P6;P8;PO7;PO3;PO4;PO8;O1;Oz;O2;Iz;M2,TP9,,,n/a,,,Elekta Neuromag Vectorview,University of Pittsburgh School of Medicine,sub-2038_task-Rest_eeg.vhdr,.vhdr,/mnt/datasets_v7/gokul/EEGData/ds003944/sub-2038/eeg/sub-2038_task-Rest_eeg.vhdr,/mnt/datasets_v7/gokul/EEGData/ds003944/sub-2038,/mnt/datasets_v7/gokul/EEGData/ds003944/sub-2038/eeg/sub-2038_task-Rest_eeg.json,/mnt/datasets_v7/gokul/EEGData/ds003944/sub-2038/eeg/sub-2038_task-Rest_channels.tsv,2026-06-14T16:26:34
0020,sub-2041,ds003944,sub-2041,,,,20.3969883641342,M,White,Not Hispanic,psychosis,Rest,Rest,"In this resting task, participants were asked to let their mind wander while focusing on a fixation point. The fixation point was a plus-sign projected onto a screen in the MEG recording room about 1 meter from the participant.",open,1000.0,60,303.0,303000,continuous,64,61,3,ECG:1;EEG:61;EOG:1;MISC:1,microV:61,FP1;FPz;FP2;AF7;AF3;AF4;AF6;F7;F5;F3;F1;Fz;F2;F4;F6;F8;FT9;FT7;FC5;FC1;FC2;FC6;FT8;FT10;T9;T7;C5;C3;C1;Cz;C2;C4;C6;T8;T10;TP9;TP7;CP3;CP1;CP2;CP4;TP8;TP10;P7;P5;P3;P1;Pz;P2;P4;P6;P8;PO7;PO3;PO4;PO8;O1;Oz;O2;Iz;M2,TP9,,,n/a,,,Elekta Neuromag Vectorview,University of Pittsburgh School of Medicine,sub-2041_task-Rest_eeg.vhdr,.vhdr,/mnt/datasets_v7/gokul/EEGData/ds003944/sub-2041/eeg/sub-2041_task-Rest_eeg.vhdr,/mnt/datasets_v7/gokul/EEGData/ds003944/sub-2041,/mnt/datasets_v7/gokul/EEGData/ds003944/sub-2041/eeg/sub-2041_task-Rest_eeg.json,/mnt/datasets_v7/gokul/EEGData/ds003944/sub-2041/eeg/sub-2041_task-Rest_channels.tsv,2026-06-14T16:26:34
0021,sub-2044,ds003944,sub-2044,,,,20.8843258042437,M,White,Not Hispanic,control,Rest,Rest,"In this resting task, participants were asked to let their mind wander while focusing on a fixation point. The fixation point was a plus-sign projected onto a screen in the MEG recording room about 1 meter from the participant.",open,1000.0,60,302.0,302000,continuous,64,61,3,ECG:1;EEG:61;EOG:1;MISC:1,microV:61,FP1;FPz;FP2;AF7;AF3;AF4;AF6;F7;F5;F3;F1;Fz;F2;F4;F6;F8;FT9;FT7;FC5;FC1;FC2;FC6;FT8;FT10;T9;T7;C5;C3;C1;Cz;C2;C4;C6;T8;T10;TP9;TP7;CP3;CP1;CP2;CP4;TP8;TP10;P7;P5;P3;P1;Pz;P2;P4;P6;P8;PO7;PO3;PO4;PO8;O1;Oz;O2;Iz;M2,TP9,,,n/a,,,Elekta Neuromag Vectorview,University of Pittsburgh School of Medicine,sub-2044_task-Rest_eeg.vhdr,.vhdr,/mnt/datasets_v7/gokul/EEGData/ds003944/sub-2044/eeg/sub-2044_task-Rest_eeg.vhdr,/mnt/datasets_v7/gokul/EEGData/ds003944/sub-2044,/mnt/datasets_v7/gokul/EEGData/ds003944/sub-2044/eeg/sub-2044_task-Rest_eeg.json,/mnt/datasets_v7/gokul/EEGData/ds003944/sub-2044/eeg/sub-2044_task-Rest_channels.tsv,2026-06-14T16:26:34
0022,sub-2054,ds003944,sub-2054,,,,21.5195071868583,F,Black,Not Hispanic,psychosis,Rest,Rest,"In this resting task, participants were asked to let their mind wander while focusing on a fixation point. The fixation point was a plus-sign projected onto a screen in the MEG recording room about 1 meter from the participant.",open,1000.0,60,306.0,306000,continuous,64,61,3,ECG:1;EEG:61;EOG:1;MISC:1,microV:61,FP1;FPz;FP2;AF7;AF3;AF4;AF6;F7;F5;F3;F1;Fz;F2;F4;F6;F8;FT9;FT7;FC5;FC1;FC2;FC6;FT8;FT10;T9;T7;C5;C3;C1;Cz;C2;C4;C6;T8;T10;TP9;TP7;CP3;CP1;CP2;CP4;TP8;TP10;P7;P5;P3;P1;Pz;P2;P4;P6;P8;PO7;PO3;PO4;PO8;O1;Oz;O2;Iz;M2,TP9,,,n/a,,,Elekta Neuromag Vectorview,University of Pittsburgh School of Medicine,sub-2054_task-Rest_eeg.vhdr,.vhdr,/mnt/datasets_v7/gokul/EEGData/ds003944/sub-2054/eeg/sub-2054_task-Rest_eeg.vhdr,/mnt/datasets_v7/gokul/EEGData/ds003944/sub-2054,/mnt/datasets_v7/gokul/EEGData/ds003944/sub-2054/eeg/sub-2054_task-Rest_eeg.json,/mnt/datasets_v7/gokul/EEGData/ds003944/sub-2054/eeg/sub-2054_task-Rest_channels.tsv,2026-06-14T16:26:34
0023,sub-2067,ds003944,sub-2067,,,,21.8918548939083,M,Black,Not Hispanic,psychosis,Rest,Rest,"In this resting task, participants were asked to let their mind wander while focusing on a fixation point. The fixation point was a plus-sign projected onto a screen in the MEG recording room about 1 meter from the participant.",open,1000.0,60,308.0,308000,continuous,64,61,3,ECG:1;EEG:61;EOG:1;MISC:1,microV:61,FP1;FPz;FP2;AF7;AF3;AF4;AF6;F7;F5;F3;F1;Fz;F2;F4;F6;F8;FT9;FT7;FC5;FC1;FC2;FC6;FT8;FT10;T9;T7;C5;C3;C1;Cz;C2;C4;C6;T8;T10;TP9;TP7;CP3;CP1;CP2;CP4;TP8;TP10;P7;P5;P3;P1;Pz;P2;P4;P6;P8;PO7;PO3;PO4;PO8;O1;Oz;O2;Iz;M2,TP9,,,n/a,,,Elekta Neuromag Vectorview,University of Pittsburgh School of Medicine,sub-2067_task-Rest_eeg.vhdr,.vhdr,/mnt/datasets_v7/gokul/EEGData/ds003944/sub-2067/eeg/sub-2067_task-Rest_eeg.vhdr,/mnt/datasets_v7/gokul/EEGData/ds003944/sub-2067,/mnt/datasets_v7/gokul/EEGData/ds003944/sub-2067/eeg/sub-2067_task-Rest_eeg.json,/mnt/datasets_v7/gokul/EEGData/ds003944/sub-2067/eeg/sub-2067_task-Rest_channels.tsv,2026-06-14T16:26:34
0024,sub-2070,ds003944,sub-2070,,,,34.735112936345,F,White,Not Hispanic,psychosis,Rest,Rest,"In this resting task, participants were asked to let their mind wander while focusing on a fixation point. The fixation point was a plus-sign projected onto a screen in the MEG recording room about 1 meter from the participant.",open,1000.0,60,348.0,348000,continuous,64,61,3,ECG:1;EEG:61;EOG:1;MISC:1,microV:61,FP1;FPz;FP2;AF7;AF3;AF4;AF6;F7;F5;F3;F1;Fz;F2;F4;F6;F8;FT9;FT7;FC5;FC1;FC2;FC6;FT8;FT10;T9;T7;C5;C3;C1;Cz;C2;C4;C6;T8;T10;TP9;TP7;CP3;CP1;CP2;CP4;TP8;TP10;P7;P5;P3;P1;Pz;P2;P4;P6;P8;PO7;PO3;PO4;PO8;O1;Oz;O2;Iz;M2,TP9,,,n/a,,,Elekta Neuromag Vectorview,University of Pittsburgh School of Medicine,sub-2070_task-Rest_eeg.vhdr,.vhdr,/mnt/datasets_v7/gokul/EEGData/ds003944/sub-2070/eeg/sub-2070_task-Rest_eeg.vhdr,/mnt/datasets_v7/gokul/EEGData/ds003944/sub-2070,/mnt/datasets_v7/gokul/EEGData/ds003944/sub-2070/eeg/sub-2070_task-Rest_eeg.json,/mnt/datasets_v7/gokul/EEGData/ds003944/sub-2070/eeg/sub-2070_task-Rest_channels.tsv,2026-06-14T16:26:34
0025,sub-2071,ds003944,sub-2071,,,,19.0609171800137,M,Black,Not Hispanic,control,Rest,Rest,"In this resting task, participants were asked to let their mind wander while focusing on a fixation point. The fixation point was a plus-sign projected onto a screen in the MEG recording room about 1 meter from the participant.",open,1000.0,60,307.0,307000,continuous,64,61,3,ECG:1;EEG:61;EOG:1;MISC:1,microV:61,FP1;FPz;FP2;AF7;AF3;AF4;AF6;F7;F5;F3;F1;Fz;F2;F4;F6;F8;FT9;FT7;FC5;FC1;FC2;FC6;FT8;FT10;T9;T7;C5;C3;C1;Cz;C2;C4;C6;T8;T10;TP9;TP7;CP3;CP1;CP2;CP4;TP8;TP10;P7;P5;P3;P1;Pz;P2;P4;P6;P8;PO7;PO3;PO4;PO8;O1;Oz;O2;Iz;M2,TP9,,,n/a,,,Elekta Neuromag Vectorview,University of Pittsburgh School of Medicine,sub-2071_task-Rest_eeg.vhdr,.vhdr,/mnt/datasets_v7/gokul/EEGData/ds003944/sub-2071/eeg/sub-2071_task-Rest_eeg.vhdr,/mnt/datasets_v7/gokul/EEGData/ds003944/sub-2071,/mnt/datasets_v7/gokul/EEGData/ds003944/sub-2071/eeg/sub-2071_task-Rest_eeg.json,/mnt/datasets_v7/gokul/EEGData/ds003944/sub-2071/eeg/sub-2071_task-Rest_channels.tsv,2026-06-14T16:26:34
0026,sub-2072,ds003944,sub-2072,,,,20.8186173853525,F,Black,Not Hispanic,psychosis,Rest,Rest,"In this resting task, participants were asked to let their mind wander while focusing on a fixation point. The fixation point was a plus-sign projected onto a screen in the MEG recording room about 1 meter from the participant.",open,1000.0,60,300.0,300000,continuous,64,61,3,ECG:1;EEG:61;EOG:1;MISC:1,microV:61,FP1;FPz;FP2;AF7;AF3;AF4;AF6;F7;F5;F3;F1;Fz;F2;F4;F6;F8;FT9;FT7;FC5;FC1;FC2;FC6;FT8;FT10;T9;T7;C5;C3;C1;Cz;C2;C4;C6;T8;T10;TP9;TP7;CP3;CP1;CP2;CP4;TP8;TP10;P7;P5;P3;P1;Pz;P2;P4;P6;P8;PO7;PO3;PO4;PO8;O1;Oz;O2;Iz;M2,TP9,,,n/a,,,Elekta Neuromag Vectorview,University of Pittsburgh School of Medicine,sub-2072_task-Rest_eeg.vhdr,.vhdr,/mnt/datasets_v7/gokul/EEGData/ds003944/sub-2072/eeg/sub-2072_task-Rest_eeg.vhdr,/mnt/datasets_v7/gokul/EEGData/ds003944/sub-2072,/mnt/datasets_v7/gokul/EEGData/ds003944/sub-2072/eeg/sub-2072_task-Rest_eeg.json,/mnt/datasets_v7/gokul/EEGData/ds003944/sub-2072/eeg/sub-2072_task-Rest_channels.tsv,2026-06-14T16:26:34
0027,sub-2073,ds003944,sub-2073,,,,16.0766598220397,F,White,Not Hispanic,control,Rest,Rest,"In this resting task, participants were asked to let their mind wander while focusing on a fixation point. The fixation point was a plus-sign projected onto a screen in the MEG recording room about 1 meter from the participant.",open,1000.0,60,309.0,309000,continuous,64,61,3,ECG:1;EEG:61;EOG:1;MISC:1,microV:61,FP1;FPz;FP2;AF7;AF3;AF4;AF6;F7;F5;F3;F1;Fz;F2;F4;F6;F8;FT9;FT7;FC5;FC1;FC2;FC6;FT8;FT10;T9;T7;C5;C3;C1;Cz;C2;C4;C6;T8;T10;TP9;TP7;CP3;CP1;CP2;CP4;TP8;TP10;P7;P5;P3;P1;Pz;P2;P4;P6;P8;PO7;PO3;PO4;PO8;O1;Oz;O2;Iz;M2,TP9,,,n/a,,,Elekta Neuromag Vectorview,University of Pittsburgh School of Medicine,sub-2073_task-Rest_eeg.vhdr,.vhdr,/mnt/datasets_v7/gokul/EEGData/ds003944/sub-2073/eeg/sub-2073_task-Rest_eeg.vhdr,/mnt/datasets_v7/gokul/EEGData/ds003944/sub-2073,/mnt/datasets_v7/gokul/EEGData/ds003944/sub-2073/eeg/sub-2073_task-Rest_eeg.json,/mnt/datasets_v7/gokul/EEGData/ds003944/sub-2073/eeg/sub-2073_task-Rest_channels.tsv,2026-06-14T16:26:34
0028,sub-2081,ds003944,sub-2081,,,,35.9151266255989,M,White,Not Hispanic,psychosis,Rest,Rest,"In this resting task, participants were asked to let their mind wander while focusing on a fixation point. The fixation point was a plus-sign projected onto a screen in the MEG recording room about 1 meter from the participant.",open,1000.0,60,301.0,301000,continuous,64,61,3,ECG:1;EEG:61;EOG:1;MISC:1,microV:61,FP1;FPz;FP2;AF7;AF3;AF4;AF6;F7;F5;F3;F1;Fz;F2;F4;F6;F8;FT9;FT7;FC5;FC1;FC2;FC6;FT8;FT10;T9;T7;C5;C3;C1;Cz;C2;C4;C6;T8;T10;TP9;TP7;CP3;CP1;CP2;CP4;TP8;TP10;P7;P5;P3;P1;Pz;P2;P4;P6;P8;PO7;PO3;PO4;PO8;O1;Oz;O2;Iz;M2,TP9,,,n/a,,,Elekta Neuromag Vectorview,University of Pittsburgh School of Medicine,sub-2081_task-Rest_eeg.vhdr,.vhdr,/mnt/datasets_v7/gokul/EEGData/ds003944/sub-2081/eeg/sub-2081_task-Rest_eeg.vhdr,/mnt/datasets_v7/gokul/EEGData/ds003944/sub-2081,/mnt/datasets_v7/gokul/EEGData/ds003944/sub-2081/eeg/sub-2081_task-Rest_eeg.json,/mnt/datasets_v7/gokul/EEGData/ds003944/sub-2081/eeg/sub-2081_task-Rest_channels.tsv,2026-06-14T16:26:34
0029,sub-2082,ds003944,sub-2082,,,,15.2635181382615,F,White,Not Hispanic,control,Rest,Rest,"In this resting task, participants were asked to let their mind wander while focusing on a fixation point. The fixation point was a plus-sign projected onto a screen in the MEG recording room about 1 meter from the participant.",open,1000.0,60,300.0,300000,continuous,64,61,3,ECG:1;EEG:61;EOG:1;MISC:1,microV:61,FP1;FPz;FP2;AF7;AF3;AF4;AF6;F7;F5;F3;F1;Fz;F2;F4;F6;F8;FT9;FT7;FC5;FC1;FC2;FC6;FT8;FT10;T9;T7;C5;C3;C1;Cz;C2;C4;C6;T8;T10;TP9;TP7;CP3;CP1;CP2;CP4;TP8;TP10;P7;P5;P3;P1;Pz;P2;P4;P6;P8;PO7;PO3;PO4;PO8;O1;Oz;O2;Iz;M2,TP9,,,n/a,,,Elekta Neuromag Vectorview,University of Pittsburgh School of Medicine,sub-2082_task-Rest_eeg.vhdr,.vhdr,/mnt/datasets_v7/gokul/EEGData/ds003944/sub-2082/eeg/sub-2082_task-Rest_eeg.vhdr,/mnt/datasets_v7/gokul/EEGData/ds003944/sub-2082,/mnt/datasets_v7/gokul/EEGData/ds003944/sub-2082/eeg/sub-2082_task-Rest_eeg.json,/mnt/datasets_v7/gokul/EEGData/ds003944/sub-2082/eeg/sub-2082_task-Rest_channels.tsv,2026-06-14T16:26:34
0030,sub-2086,ds003944,sub-2086,,,,23.4661190965092,M,Black,Not Hispanic,psychosis,Rest,Rest,"In this resting task, participants were asked to let their mind wander while focusing on a fixation point. The fixation point was a plus-sign projected onto a screen in the MEG recording room about 1 meter from the participant.",open,1000.0,60,302.0,302000,continuous,64,61,3,ECG:1;EEG:61;EOG:1;MISC:1,microV:61,FP1;FPz;FP2;AF7;AF3;AF4;AF6;F7;F5;F3;F1;Fz;F2;F4;F6;F8;FT9;FT7;FC5;FC1;FC2;FC6;FT8;FT10;T9;T7;C5;C3;C1;Cz;C2;C4;C6;T8;T10;TP9;TP7;CP3;CP1;CP2;CP4;TP8;TP10;P7;P5;P3;P1;Pz;P2;P4;P6;P8;PO7;PO3;PO4;PO8;O1;Oz;O2;Iz;M2,TP9,,,n/a,,,Elekta Neuromag Vectorview,University of Pittsburgh School of Medicine,sub-2086_task-Rest_eeg.vhdr,.vhdr,/mnt/datasets_v7/gokul/EEGData/ds003944/sub-2086/eeg/sub-2086_task-Rest_eeg.vhdr,/mnt/datasets_v7/gokul/EEGData/ds003944/sub-2086,/mnt/datasets_v7/gokul/EEGData/ds003944/sub-2086/eeg/sub-2086_task-Rest_eeg.json,/mnt/datasets_v7/gokul/EEGData/ds003944/sub-2086/eeg/sub-2086_task-Rest_channels.tsv,2026-06-14T16:26:34
0031,sub-2089,ds003944,sub-2089,,,,15.9917864476386,M,Black,Not Hispanic,psychosis,Rest,Rest,"In this resting task, participants were asked to let their mind wander while focusing on a fixation point. The fixation point was a plus-sign projected onto a screen in the MEG recording room about 1 meter from the participant.",open,1000.0,60,300.0,300000,continuous,64,61,3,ECG:1;EEG:61;EOG:1;MISC:1,microV:61,FP1;FPz;FP2;AF7;AF3;AF4;AF6;F7;F5;F3;F1;Fz;F2;F4;F6;F8;FT9;FT7;FC5;FC1;FC2;FC6;FT8;FT10;T9;T7;C5;C3;C1;Cz;C2;C4;C6;T8;T10;TP9;TP7;CP3;CP1;CP2;CP4;TP8;TP10;P7;P5;P3;P1;Pz;P2;P4;P6;P8;PO7;PO3;PO4;PO8;O1;Oz;O2;Iz;M2,TP9,,,n/a,,,Elekta Neuromag Vectorview,University of Pittsburgh School of Medicine,sub-2089_task-Rest_eeg.vhdr,.vhdr,/mnt/datasets_v7/gokul/EEGData/ds003944/sub-2089/eeg/sub-2089_task-Rest_eeg.vhdr,/mnt/datasets_v7/gokul/EEGData/ds003944/sub-2089,/mnt/datasets_v7/gokul/EEGData/ds003944/sub-2089/eeg/sub-2089_task-Rest_eeg.json,/mnt/datasets_v7/gokul/EEGData/ds003944/sub-2089/eeg/sub-2089_task-Rest_channels.tsv,2026-06-14T16:26:34
0032,sub-2092,ds003944,sub-2092,,,,22.9349760438056,F,Undisclosed,Not Hispanic,psychosis,Rest,Rest,"In this resting task, participants were asked to let their mind wander while focusing on a fixation point. The fixation point was a plus-sign projected onto a screen in the MEG recording room about 1 meter from the participant.",open,1000.0,60,306.0,306000,continuous,64,61,3,ECG:1;EEG:61;EOG:1;MISC:1,microV:61,FP1;FPz;FP2;AF7;AF3;AF4;AF6;F7;F5;F3;F1;Fz;F2;F4;F6;F8;FT9;FT7;FC5;FC1;FC2;FC6;FT8;FT10;T9;T7;C5;C3;C1;Cz;C2;C4;C6;T8;T10;TP9;TP7;CP3;CP1;CP2;CP4;TP8;TP10;P7;P5;P3;P1;Pz;P2;P4;P6;P8;PO7;PO3;PO4;PO8;O1;Oz;O2;Iz;M2,TP9,,,n/a,,,Elekta Neuromag Vectorview,University of Pittsburgh School of Medicine,sub-2092_task-Rest_eeg.vhdr,.vhdr,/mnt/datasets_v7/gokul/EEGData/ds003944/sub-2092/eeg/sub-2092_task-Rest_eeg.vhdr,/mnt/datasets_v7/gokul/EEGData/ds003944/sub-2092,/mnt/datasets_v7/gokul/EEGData/ds003944/sub-2092/eeg/sub-2092_task-Rest_eeg.json,/mnt/datasets_v7/gokul/EEGData/ds003944/sub-2092/eeg/sub-2092_task-Rest_channels.tsv,2026-06-14T16:26:34
0033,sub-2093,ds003944,sub-2093,,,,21.3607118412047,M,White,Not Hispanic,psychosis,Rest,Rest,"In this resting task, participants were asked to let their mind wander while focusing on a fixation point. The fixation point was a plus-sign projected onto a screen in the MEG recording room about 1 meter from the participant.",open,1000.0,60,302.0,302000,continuous,64,61,3,ECG:1;EEG:61;EOG:1;MISC:1,microV:61,FP1;FPz;FP2;AF7;AF3;AF4;AF6;F7;F5;F3;F1;Fz;F2;F4;F6;F8;FT9;FT7;FC5;FC1;FC2;FC6;FT8;FT10;T9;T7;C5;C3;C1;Cz;C2;C4;C6;T8;T10;TP9;TP7;CP3;CP1;CP2;CP4;TP8;TP10;P7;P5;P3;P1;Pz;P2;P4;P6;P8;PO7;PO3;PO4;PO8;O1;Oz;O2;Iz;M2,TP9,,,n/a,,,Elekta Neuromag Vectorview,University of Pittsburgh School of Medicine,sub-2093_task-Rest_eeg.vhdr,.vhdr,/mnt/datasets_v7/gokul/EEGData/ds003944/sub-2093/eeg/sub-2093_task-Rest_eeg.vhdr,/mnt/datasets_v7/gokul/EEGData/ds003944/sub-2093,/mnt/datasets_v7/gokul/EEGData/ds003944/sub-2093/eeg/sub-2093_task-Rest_eeg.json,/mnt/datasets_v7/gokul/EEGData/ds003944/sub-2093/eeg/sub-2093_task-Rest_channels.tsv,2026-06-14T16:26:34
0034,sub-2095,ds003944,sub-2095,,,,21.0212183436003,M,White,Not Hispanic,psychosis,Rest,Rest,"In this resting task, participants were asked to let their mind wander while focusing on a fixation point. The fixation point was a plus-sign projected onto a screen in the MEG recording room about 1 meter from the participant.",open,1000.0,60,301.0,301000,continuous,64,61,3,ECG:1;EEG:61;EOG:1;MISC:1,microV:61,FP1;FPz;FP2;AF7;AF3;AF4;AF6;F7;F5;F3;F1;Fz;F2;F4;F6;F8;FT9;FT7;FC5;FC1;FC2;FC6;FT8;FT10;T9;T7;C5;C3;C1;Cz;C2;C4;C6;T8;T10;TP9;TP7;CP3;CP1;CP2;CP4;TP8;TP10;P7;P5;P3;P1;Pz;P2;P4;P6;P8;PO7;PO3;PO4;PO8;O1;Oz;O2;Iz;M2,TP9,,,n/a,,,Elekta Neuromag Vectorview,University of Pittsburgh School of Medicine,sub-2095_task-Rest_eeg.vhdr,.vhdr,/mnt/datasets_v7/gokul/EEGData/ds003944/sub-2095/eeg/sub-2095_task-Rest_eeg.vhdr,/mnt/datasets_v7/gokul/EEGData/ds003944/sub-2095,/mnt/datasets_v7/gokul/EEGData/ds003944/sub-2095/eeg/sub-2095_task-Rest_eeg.json,/mnt/datasets_v7/gokul/EEGData/ds003944/sub-2095/eeg/sub-2095_task-Rest_channels.tsv,2026-06-14T16:26:34
0035,sub-2096,ds003944,sub-2096,,,,19.2881587953457,M,White,Not Hispanic,control,Rest,Rest,"In this resting task, participants were asked to let their mind wander while focusing on a fixation point. The fixation point was a plus-sign projected onto a screen in the MEG recording room about 1 meter from the participant.",open,1000.0,60,302.0,302000,continuous,64,61,3,ECG:1;EEG:61;EOG:1;MISC:1,microV:61,FP1;FPz;FP2;AF7;AF3;AF4;AF6;F7;F5;F3;F1;Fz;F2;F4;F6;F8;FT9;FT7;FC5;FC1;FC2;FC6;FT8;FT10;T9;T7;C5;C3;C1;Cz;C2;C4;C6;T8;T10;TP9;TP7;CP3;CP1;CP2;CP4;TP8;TP10;P7;P5;P3;P1;Pz;P2;P4;P6;P8;PO7;PO3;PO4;PO8;O1;Oz;O2;Iz;M2,TP9,,,n/a,,,Elekta Neuromag Vectorview,University of Pittsburgh School of Medicine,sub-2096_task-Rest_eeg.vhdr,.vhdr,/mnt/datasets_v7/gokul/EEGData/ds003944/sub-2096/eeg/sub-2096_task-Rest_eeg.vhdr,/mnt/datasets_v7/gokul/EEGData/ds003944/sub-2096,/mnt/datasets_v7/gokul/EEGData/ds003944/sub-2096/eeg/sub-2096_task-Rest_eeg.json,/mnt/datasets_v7/gokul/EEGData/ds003944/sub-2096/eeg/sub-2096_task-Rest_channels.tsv,2026-06-14T16:26:34
0036,sub-2105,ds003944,sub-2105,,,,20.3613963039014,M,White,Not Hispanic,psychosis,Rest,Rest,"In this resting task, participants were asked to let their mind wander while focusing on a fixation point. The fixation point was a plus-sign projected onto a screen in the MEG recording room about 1 meter from the participant.",open,1000.0,60,317.0,317000,continuous,64,61,3,ECG:1;EEG:61;EOG:1;MISC:1,microV:61,FP1;FPz;FP2;AF7;AF3;AF4;AF6;F7;F5;F3;F1;Fz;F2;F4;F6;F8;FT9;FT7;FC5;FC1;FC2;FC6;FT8;FT10;T9;T7;C5;C3;C1;Cz;C2;C4;C6;T8;T10;TP9;TP7;CP3;CP1;CP2;CP4;TP8;TP10;P7;P5;P3;P1;Pz;P2;P4;P6;P8;PO7;PO3;PO4;PO8;O1;Oz;O2;Iz;M2,TP9,,,n/a,,,Elekta Neuromag Vectorview,University of Pittsburgh School of Medicine,sub-2105_task-Rest_eeg.vhdr,.vhdr,/mnt/datasets_v7/gokul/EEGData/ds003944/sub-2105/eeg/sub-2105_task-Rest_eeg.vhdr,/mnt/datasets_v7/gokul/EEGData/ds003944/sub-2105,/mnt/datasets_v7/gokul/EEGData/ds003944/sub-2105/eeg/sub-2105_task-Rest_eeg.json,/mnt/datasets_v7/gokul/EEGData/ds003944/sub-2105/eeg/sub-2105_task-Rest_channels.tsv,2026-06-14T16:26:34
0037,sub-2109,ds003944,sub-2109,,,,14.1711156741958,M,White,Not Hispanic,psychosis,Rest,Rest,"In this resting task, participants were asked to let their mind wander while focusing on a fixation point. The fixation point was a plus-sign projected onto a screen in the MEG recording room about 1 meter from the participant.",open,1000.0,60,303.0,303000,continuous,64,61,3,ECG:1;EEG:61;EOG:1;MISC:1,microV:61,FP1;FPz;FP2;AF7;AF3;AF4;AF6;F7;F5;F3;F1;Fz;F2;F4;F6;F8;FT9;FT7;FC5;FC1;FC2;FC6;FT8;FT10;T9;T7;C5;C3;C1;Cz;C2;C4;C6;T8;T10;TP9;TP7;CP3;CP1;CP2;CP4;TP8;TP10;P7;P5;P3;P1;Pz;P2;P4;P6;P8;PO7;PO3;PO4;PO8;O1;Oz;O2;Iz;M2,TP9,,,n/a,,,Elekta Neuromag Vectorview,University of Pittsburgh School of Medicine,sub-2109_task-Rest_eeg.vhdr,.vhdr,/mnt/datasets_v7/gokul/EEGData/ds003944/sub-2109/eeg/sub-2109_task-Rest_eeg.vhdr,/mnt/datasets_v7/gokul/EEGData/ds003944/sub-2109,/mnt/datasets_v7/gokul/EEGData/ds003944/sub-2109/eeg/sub-2109_task-Rest_eeg.json,/mnt/datasets_v7/gokul/EEGData/ds003944/sub-2109/eeg/sub-2109_task-Rest_channels.tsv,2026-06-14T16:26:34
0038,sub-2110,ds003944,sub-2110,,,,18.6009582477755,F,White,Not Hispanic,control,Rest,Rest,"In this resting task, participants were asked to let their mind wander while focusing on a fixation point. The fixation point was a plus-sign projected onto a screen in the MEG recording room about 1 meter from the participant.",open,1000.0,60,301.0,301000,continuous,64,61,3,ECG:1;EEG:61;EOG:1;MISC:1,microV:61,FP1;FPz;FP2;AF7;AF3;AF4;AF6;F7;F5;F3;F1;Fz;F2;F4;F6;F8;FT9;FT7;FC5;FC1;FC2;FC6;FT8;FT10;T9;T7;C5;C3;C1;Cz;C2;C4;C6;T8;T10;TP9;TP7;CP3;CP1;CP2;CP4;TP8;TP10;P7;P5;P3;P1;Pz;P2;P4;P6;P8;PO7;PO3;PO4;PO8;O1;Oz;O2;Iz;M2,TP9,,,n/a,,,Elekta Neuromag Vectorview,University of Pittsburgh School of Medicine,sub-2110_task-Rest_eeg.vhdr,.vhdr,/mnt/datasets_v7/gokul/EEGData/ds003944/sub-2110/eeg/sub-2110_task-Rest_eeg.vhdr,/mnt/datasets_v7/gokul/EEGData/ds003944/sub-2110,/mnt/datasets_v7/gokul/EEGData/ds003944/sub-2110/eeg/sub-2110_task-Rest_eeg.json,/mnt/datasets_v7/gokul/EEGData/ds003944/sub-2110/eeg/sub-2110_task-Rest_channels.tsv,2026-06-14T16:26:34
0039,sub-2117,ds003944,sub-2117,,,,25.9603011635866,M,Mixed,Not Hispanic,psychosis,Rest,Rest,"In this resting task, participants were asked to let their mind wander while focusing on a fixation point. The fixation point was a plus-sign projected onto a screen in the MEG recording room about 1 meter from the participant.",open,1000.0,60,302.0,302000,continuous,64,61,3,ECG:1;EEG:61;EOG:1;MISC:1,microV:61,FP1;FPz;FP2;AF7;AF3;AF4;AF6;F7;F5;F3;F1;Fz;F2;F4;F6;F8;FT9;FT7;FC5;FC1;FC2;FC6;FT8;FT10;T9;T7;C5;C3;C1;Cz;C2;C4;C6;T8;T10;TP9;TP7;CP3;CP1;CP2;CP4;TP8;TP10;P7;P5;P3;P1;Pz;P2;P4;P6;P8;PO7;PO3;PO4;PO8;O1;Oz;O2;Iz;M2,TP9,,,n/a,,,Elekta Neuromag Vectorview,University of Pittsburgh School of Medicine,sub-2117_task-Rest_eeg.vhdr,.vhdr,/mnt/datasets_v7/gokul/EEGData/ds003944/sub-2117/eeg/sub-2117_task-Rest_eeg.vhdr,/mnt/datasets_v7/gokul/EEGData/ds003944/sub-2117,/mnt/datasets_v7/gokul/EEGData/ds003944/sub-2117/eeg/sub-2117_task-Rest_eeg.json,/mnt/datasets_v7/gokul/EEGData/ds003944/sub-2117/eeg/sub-2117_task-Rest_channels.tsv,2026-06-14T16:26:34
0040,sub-2122,ds003944,sub-2122,,,,22.0068446269678,M,White,Not Hispanic,control,Rest,Rest,"In this resting task, participants were asked to let their mind wander while focusing on a fixation point. The fixation point was a plus-sign projected onto a screen in the MEG recording room about 1 meter from the participant.",open,1000.0,60,302.0,302000,continuous,64,61,3,ECG:1;EEG:61;EOG:1;MISC:1,microV:61,FP1;FPz;FP2;AF7;AF3;AF4;AF6;F7;F5;F3;F1;Fz;F2;F4;F6;F8;FT9;FT7;FC5;FC1;FC2;FC6;FT8;FT10;T9;T7;C5;C3;C1;Cz;C2;C4;C6;T8;T10;TP9;TP7;CP3;CP1;CP2;CP4;TP8;TP10;P7;P5;P3;P1;Pz;P2;P4;P6;P8;PO7;PO3;PO4;PO8;O1;Oz;O2;Iz;M2,TP9,,,n/a,,,Elekta Neuromag Vectorview,University of Pittsburgh School of Medicine,sub-2122_task-Rest_eeg.vhdr,.vhdr,/mnt/datasets_v7/gokul/EEGData/ds003944/sub-2122/eeg/sub-2122_task-Rest_eeg.vhdr,/mnt/datasets_v7/gokul/EEGData/ds003944/sub-2122,/mnt/datasets_v7/gokul/EEGData/ds003944/sub-2122/eeg/sub-2122_task-Rest_eeg.json,/mnt/datasets_v7/gokul/EEGData/ds003944/sub-2122/eeg/sub-2122_task-Rest_channels.tsv,2026-06-14T16:26:34
0041,sub-2124,ds003944,sub-2124,,,,21.9931553730322,M,White,Not Hispanic,control,Rest,Rest,"In this resting task, participants were asked to let their mind wander while focusing on a fixation point. The fixation point was a plus-sign projected onto a screen in the MEG recording room about 1 meter from the participant.",open,1000.0,60,327.0,327000,continuous,64,61,3,ECG:1;EEG:61;EOG:1;MISC:1,microV:61,FP1;FPz;FP2;AF7;AF3;AF4;AF6;F7;F5;F3;F1;Fz;F2;F4;F6;F8;FT9;FT7;FC5;FC1;FC2;FC6;FT8;FT10;T9;T7;C5;C3;C1;Cz;C2;C4;C6;T8;T10;TP9;TP7;CP3;CP1;CP2;CP4;TP8;TP10;P7;P5;P3;P1;Pz;P2;P4;P6;P8;PO7;PO3;PO4;PO8;O1;Oz;O2;Iz;M2,TP9,,,n/a,,,Elekta Neuromag Vectorview,University of Pittsburgh School of Medicine,sub-2124_task-Rest_eeg.vhdr,.vhdr,/mnt/datasets_v7/gokul/EEGData/ds003944/sub-2124/eeg/sub-2124_task-Rest_eeg.vhdr,/mnt/datasets_v7/gokul/EEGData/ds003944/sub-2124,/mnt/datasets_v7/gokul/EEGData/ds003944/sub-2124/eeg/sub-2124_task-Rest_eeg.json,/mnt/datasets_v7/gokul/EEGData/ds003944/sub-2124/eeg/sub-2124_task-Rest_channels.tsv,2026-06-14T16:26:34
0042,sub-2125,ds003944,sub-2125,,,,24.5256673511294,M,White,Not Hispanic,psychosis,Rest,Rest,"In this resting task, participants were asked to let their mind wander while focusing on a fixation point. The fixation point was a plus-sign projected onto a screen in the MEG recording room about 1 meter from the participant.",open,1000.0,60,320.0,320000,continuous,64,61,3,ECG:1;EEG:61;EOG:1;MISC:1,microV:61,FP1;FPz;FP2;AF7;AF3;AF4;AF6;F7;F5;F3;F1;Fz;F2;F4;F6;F8;FT9;FT7;FC5;FC1;FC2;FC6;FT8;FT10;T9;T7;C5;C3;C1;Cz;C2;C4;C6;T8;T10;TP9;TP7;CP3;CP1;CP2;CP4;TP8;TP10;P7;P5;P3;P1;Pz;P2;P4;P6;P8;PO7;PO3;PO4;PO8;O1;Oz;O2;Iz;M2,TP9,,,n/a,,,Elekta Neuromag Vectorview,University of Pittsburgh School of Medicine,sub-2125_task-Rest_eeg.vhdr,.vhdr,/mnt/datasets_v7/gokul/EEGData/ds003944/sub-2125/eeg/sub-2125_task-Rest_eeg.vhdr,/mnt/datasets_v7/gokul/EEGData/ds003944/sub-2125,/mnt/datasets_v7/gokul/EEGData/ds003944/sub-2125/eeg/sub-2125_task-Rest_eeg.json,/mnt/datasets_v7/gokul/EEGData/ds003944/sub-2125/eeg/sub-2125_task-Rest_channels.tsv,2026-06-14T16:26:34
0043,sub-2128,ds003944,sub-2128,,,,21.3524982888433,F,White,Not Hispanic,control,Rest,Rest,"In this resting task, participants were asked to let their mind wander while focusing on a fixation point. The fixation point was a plus-sign projected onto a screen in the MEG recording room about 1 meter from the participant.",open,1000.0,60,397.0,397000,continuous,64,61,3,ECG:1;EEG:61;EOG:1;MISC:1,microV:61,FP1;FPz;FP2;AF7;AF3;AF4;AF6;F7;F5;F3;F1;Fz;F2;F4;F6;F8;FT9;FT7;FC5;FC1;FC2;FC6;FT8;FT10;T9;T7;C5;C3;C1;Cz;C2;C4;C6;T8;T10;TP9;TP7;CP3;CP1;CP2;CP4;TP8;TP10;P7;P5;P3;P1;Pz;P2;P4;P6;P8;PO7;PO3;PO4;PO8;O1;Oz;O2;Iz;M2,TP9,,,n/a,,,Elekta Neuromag Vectorview,University of Pittsburgh School of Medicine,sub-2128_task-Rest_eeg.vhdr,.vhdr,/mnt/datasets_v7/gokul/EEGData/ds003944/sub-2128/eeg/sub-2128_task-Rest_eeg.vhdr,/mnt/datasets_v7/gokul/EEGData/ds003944/sub-2128,/mnt/datasets_v7/gokul/EEGData/ds003944/sub-2128/eeg/sub-2128_task-Rest_eeg.json,/mnt/datasets_v7/gokul/EEGData/ds003944/sub-2128/eeg/sub-2128_task-Rest_channels.tsv,2026-06-14T16:26:34
0044,sub-2129,ds003944,sub-2129,,,,22.4613278576318,F,White,Not Hispanic,control,Rest,Rest,"In this resting task, participants were asked to let their mind wander while focusing on a fixation point. The fixation point was a plus-sign projected onto a screen in the MEG recording room about 1 meter from the participant.",open,1000.0,60,304.0,304000,continuous,64,61,3,ECG:1;EEG:61;EOG:1;MISC:1,microV:61,FP1;FPz;FP2;AF7;AF3;AF4;AF6;F7;F5;F3;F1;Fz;F2;F4;F6;F8;FT9;FT7;FC5;FC1;FC2;FC6;FT8;FT10;T9;T7;C5;C3;C1;Cz;C2;C4;C6;T8;T10;TP9;TP7;CP3;CP1;CP2;CP4;TP8;TP10;P7;P5;P3;P1;Pz;P2;P4;P6;P8;PO7;PO3;PO4;PO8;O1;Oz;O2;Iz;M2,TP9,,,n/a,,,Elekta Neuromag Vectorview,University of Pittsburgh School of Medicine,sub-2129_task-Rest_eeg.vhdr,.vhdr,/mnt/datasets_v7/gokul/EEGData/ds003944/sub-2129/eeg/sub-2129_task-Rest_eeg.vhdr,/mnt/datasets_v7/gokul/EEGData/ds003944/sub-2129,/mnt/datasets_v7/gokul/EEGData/ds003944/sub-2129/eeg/sub-2129_task-Rest_eeg.json,/mnt/datasets_v7/gokul/EEGData/ds003944/sub-2129/eeg/sub-2129_task-Rest_channels.tsv,2026-06-14T16:26:34
0045,sub-2131,ds003944,sub-2131,,,,17.2046543463381,M,Black,Not Hispanic,psychosis,Rest,Rest,"In this resting task, participants were asked to let their mind wander while focusing on a fixation point. The fixation point was a plus-sign projected onto a screen in the MEG recording room about 1 meter from the participant.",open,1000.0,60,305.0,305000,continuous,64,61,3,ECG:1;EEG:61;EOG:1;MISC:1,microV:61,FP1;FPz;FP2;AF7;AF3;AF4;AF6;F7;F5;F3;F1;Fz;F2;F4;F6;F8;FT9;FT7;FC5;FC1;FC2;FC6;FT8;FT10;T9;T7;C5;C3;C1;Cz;C2;C4;C6;T8;T10;TP9;TP7;CP3;CP1;CP2;CP4;TP8;TP10;P7;P5;P3;P1;Pz;P2;P4;P6;P8;PO7;PO3;PO4;PO8;O1;Oz;O2;Iz;M2,TP9,,,n/a,,,Elekta Neuromag Vectorview,University of Pittsburgh School of Medicine,sub-2131_task-Rest_eeg.vhdr,.vhdr,/mnt/datasets_v7/gokul/EEGData/ds003944/sub-2131/eeg/sub-2131_task-Rest_eeg.vhdr,/mnt/datasets_v7/gokul/EEGData/ds003944/sub-2131,/mnt/datasets_v7/gokul/EEGData/ds003944/sub-2131/eeg/sub-2131_task-Rest_eeg.json,/mnt/datasets_v7/gokul/EEGData/ds003944/sub-2131/eeg/sub-2131_task-Rest_channels.tsv,2026-06-14T16:26:34
0046,sub-2133,ds003944,sub-2133,,,,18.9377138945927,M,White,Not Hispanic,psychosis,Rest,Rest,"In this resting task, participants were asked to let their mind wander while focusing on a fixation point. The fixation point was a plus-sign projected onto a screen in the MEG recording room about 1 meter from the participant.",open,1000.0,60,309.0,309000,continuous,64,61,3,ECG:1;EEG:61;EOG:1;MISC:1,microV:61,FP1;FPz;FP2;AF7;AF3;AF4;AF6;F7;F5;F3;F1;Fz;F2;F4;F6;F8;FT9;FT7;FC5;FC1;FC2;FC6;FT8;FT10;T9;T7;C5;C3;C1;Cz;C2;C4;C6;T8;T10;TP9;TP7;CP3;CP1;CP2;CP4;TP8;TP10;P7;P5;P3;P1;Pz;P2;P4;P6;P8;PO7;PO3;PO4;PO8;O1;Oz;O2;Iz;M2,TP9,,,n/a,,,Elekta Neuromag Vectorview,University of Pittsburgh School of Medicine,sub-2133_task-Rest_eeg.vhdr,.vhdr,/mnt/datasets_v7/gokul/EEGData/ds003944/sub-2133/eeg/sub-2133_task-Rest_eeg.vhdr,/mnt/datasets_v7/gokul/EEGData/ds003944/sub-2133,/mnt/datasets_v7/gokul/EEGData/ds003944/sub-2133/eeg/sub-2133_task-Rest_eeg.json,/mnt/datasets_v7/gokul/EEGData/ds003944/sub-2133/eeg/sub-2133_task-Rest_channels.tsv,2026-06-14T16:26:34
0047,sub-2134,ds003944,sub-2134,,,,26.6694045174538,M,White,Not Hispanic,psychosis,Rest,Rest,"In this resting task, participants were asked to let their mind wander while focusing on a fixation point. The fixation point was a plus-sign projected onto a screen in the MEG recording room about 1 meter from the participant.",open,1000.0,60,330.0,330000,continuous,64,61,3,ECG:1;EEG:61;EOG:1;MISC:1,microV:61,FP1;FPz;FP2;AF7;AF3;AF4;AF6;F7;F5;F3;F1;Fz;F2;F4;F6;F8;FT9;FT7;FC5;FC1;FC2;FC6;FT8;FT10;T9;T7;C5;C3;C1;Cz;C2;C4;C6;T8;T10;TP9;TP7;CP3;CP1;CP2;CP4;TP8;TP10;P7;P5;P3;P1;Pz;P2;P4;P6;P8;PO7;PO3;PO4;PO8;O1;Oz;O2;Iz;M2,TP9,,,n/a,,,Elekta Neuromag Vectorview,University of Pittsburgh School of Medicine,sub-2134_task-Rest_eeg.vhdr,.vhdr,/mnt/datasets_v7/gokul/EEGData/ds003944/sub-2134/eeg/sub-2134_task-Rest_eeg.vhdr,/mnt/datasets_v7/gokul/EEGData/ds003944/sub-2134,/mnt/datasets_v7/gokul/EEGData/ds003944/sub-2134/eeg/sub-2134_task-Rest_eeg.json,/mnt/datasets_v7/gokul/EEGData/ds003944/sub-2134/eeg/sub-2134_task-Rest_channels.tsv,2026-06-14T16:26:34
0048,sub-2135,ds003944,sub-2135,,,,12.9637234770705,F,White,Not Hispanic,psychosis,Rest,Rest,"In this resting task, participants were asked to let their mind wander while focusing on a fixation point. The fixation point was a plus-sign projected onto a screen in the MEG recording room about 1 meter from the participant.",open,1000.0,60,318.0,318000,continuous,64,61,3,ECG:1;EEG:61;EOG:1;MISC:1,microV:61,FP1;FPz;FP2;AF7;AF3;AF4;AF6;F7;F5;F3;F1;Fz;F2;F4;F6;F8;FT9;FT7;FC5;FC1;FC2;FC6;FT8;FT10;T9;T7;C5;C3;C1;Cz;C2;C4;C6;T8;T10;TP9;TP7;CP3;CP1;CP2;CP4;TP8;TP10;P7;P5;P3;P1;Pz;P2;P4;P6;P8;PO7;PO3;PO4;PO8;O1;Oz;O2;Iz;M2,TP9,,,n/a,,,Elekta Neuromag Vectorview,University of Pittsburgh School of Medicine,sub-2135_task-Rest_eeg.vhdr,.vhdr,/mnt/datasets_v7/gokul/EEGData/ds003944/sub-2135/eeg/sub-2135_task-Rest_eeg.vhdr,/mnt/datasets_v7/gokul/EEGData/ds003944/sub-2135,/mnt/datasets_v7/gokul/EEGData/ds003944/sub-2135/eeg/sub-2135_task-Rest_eeg.json,/mnt/datasets_v7/gokul/EEGData/ds003944/sub-2135/eeg/sub-2135_task-Rest_channels.tsv,2026-06-14T16:26:34
0049,sub-2136,ds003944,sub-2136,,,,19.6605065023956,M,White,Not Hispanic,control,Rest,Rest,"In this resting task, participants were asked to let their mind wander while focusing on a fixation point. The fixation point was a plus-sign projected onto a screen in the MEG recording room about 1 meter from the participant.",open,1000.0,60,300.0,300000,continuous,64,61,3,ECG:1;EEG:61;EOG:1;MISC:1,microV:61,FP1;FPz;FP2;AF7;AF3;AF4;AF6;F7;F5;F3;F1;Fz;F2;F4;F6;F8;FT9;FT7;FC5;FC1;FC2;FC6;FT8;FT10;T9;T7;C5;C3;C1;Cz;C2;C4;C6;T8;T10;TP9;TP7;CP3;CP1;CP2;CP4;TP8;TP10;P7;P5;P3;P1;Pz;P2;P4;P6;P8;PO7;PO3;PO4;PO8;O1;Oz;O2;Iz;M2,TP9,,,n/a,,,Elekta Neuromag Vectorview,University of Pittsburgh School of Medicine,sub-2136_task-Rest_eeg.vhdr,.vhdr,/mnt/datasets_v7/gokul/EEGData/ds003944/sub-2136/eeg/sub-2136_task-Rest_eeg.vhdr,/mnt/datasets_v7/gokul/EEGData/ds003944/sub-2136,/mnt/datasets_v7/gokul/EEGData/ds003944/sub-2136/eeg/sub-2136_task-Rest_eeg.json,/mnt/datasets_v7/gokul/EEGData/ds003944/sub-2136/eeg/sub-2136_task-Rest_channels.tsv,2026-06-14T16:26:34
0050,sub-2137,ds003944,sub-2137,,,,25.8151950718686,M,White,Hispanic,control,Rest,Rest,"In this resting task, participants were asked to let their mind wander while focusing on a fixation point. The fixation point was a plus-sign projected onto a screen in the MEG recording room about 1 meter from the participant.",open,1000.0,60,301.0,301000,continuous,64,61,3,ECG:1;EEG:61;EOG:1;MISC:1,microV:61,FP1;FPz;FP2;AF7;AF3;AF4;AF6;F7;F5;F3;F1;Fz;F2;F4;F6;F8;FT9;FT7;FC5;FC1;FC2;FC6;FT8;FT10;T9;T7;C5;C3;C1;Cz;C2;C4;C6;T8;T10;TP9;TP7;CP3;CP1;CP2;CP4;TP8;TP10;P7;P5;P3;P1;Pz;P2;P4;P6;P8;PO7;PO3;PO4;PO8;O1;Oz;O2;Iz;M2,TP9,,,n/a,,,Elekta Neuromag Vectorview,University of Pittsburgh School of Medicine,sub-2137_task-Rest_eeg.vhdr,.vhdr,/mnt/datasets_v7/gokul/EEGData/ds003944/sub-2137/eeg/sub-2137_task-Rest_eeg.vhdr,/mnt/datasets_v7/gokul/EEGData/ds003944/sub-2137,/mnt/datasets_v7/gokul/EEGData/ds003944/sub-2137/eeg/sub-2137_task-Rest_eeg.json,/mnt/datasets_v7/gokul/EEGData/ds003944/sub-2137/eeg/sub-2137_task-Rest_channels.tsv,2026-06-14T16:26:34
0051,sub-2138,ds003944,sub-2138,,,,26.2203969883641,M,White,Not Hispanic,psychosis,Rest,Rest,"In this resting task, participants were asked to let their mind wander while focusing on a fixation point. The fixation point was a plus-sign projected onto a screen in the MEG recording room about 1 meter from the participant.",open,1000.0,60,302.0,302000,continuous,64,61,3,ECG:1;EEG:61;EOG:1;MISC:1,microV:61,FP1;FPz;FP2;AF7;AF3;AF4;AF6;F7;F5;F3;F1;Fz;F2;F4;F6;F8;FT9;FT7;FC5;FC1;FC2;FC6;FT8;FT10;T9;T7;C5;C3;C1;Cz;C2;C4;C6;T8;T10;TP9;TP7;CP3;CP1;CP2;CP4;TP8;TP10;P7;P5;P3;P1;Pz;P2;P4;P6;P8;PO7;PO3;PO4;PO8;O1;Oz;O2;Iz;M2,TP9,,,n/a,,,Elekta Neuromag Vectorview,University of Pittsburgh School of Medicine,sub-2138_task-Rest_eeg.vhdr,.vhdr,/mnt/datasets_v7/gokul/EEGData/ds003944/sub-2138/eeg/sub-2138_task-Rest_eeg.vhdr,/mnt/datasets_v7/gokul/EEGData/ds003944/sub-2138,/mnt/datasets_v7/gokul/EEGData/ds003944/sub-2138/eeg/sub-2138_task-Rest_eeg.json,/mnt/datasets_v7/gokul/EEGData/ds003944/sub-2138/eeg/sub-2138_task-Rest_channels.tsv,2026-06-14T16:26:34
0052,sub-2140A,ds003944,sub-2140A,,,,21.5797399041752,M,White,Not Hispanic,control,Rest,Rest,"In this resting task, participants were asked to let their mind wander while focusing on a fixation point. The fixation point was a plus-sign projected onto a screen in the MEG recording room about 1 meter from the participant.",open,3000.00030000003,60,303.49996965,910500,continuous,64,61,3,ECG:1;EEG:61;EOG:1;MISC:1,microV:61,FP1;FPz;FP2;AF7;AF3;AF4;AF6;F7;F5;F3;F1;Fz;F2;F4;F6;F8;FT9;FT7;FC5;FC1;FC2;FC6;FT8;FT10;T9;T7;C5;C3;C1;Cz;C2;C4;C6;T8;T10;TP9;TP7;CP3;CP1;CP2;CP4;TP8;TP10;P7;P5;P3;P1;Pz;P2;P4;P6;P8;PO7;PO3;PO4;PO8;O1;Oz;O2;Iz;M2,TP9,,,n/a,,,Elekta Neuromag Vectorview,University of Pittsburgh School of Medicine,sub-2140A_task-Rest_eeg.vhdr,.vhdr,/mnt/datasets_v7/gokul/EEGData/ds003944/sub-2140A/eeg/sub-2140A_task-Rest_eeg.vhdr,/mnt/datasets_v7/gokul/EEGData/ds003944/sub-2140A,/mnt/datasets_v7/gokul/EEGData/ds003944/sub-2140A/eeg/sub-2140A_task-Rest_eeg.json,/mnt/datasets_v7/gokul/EEGData/ds003944/sub-2140A/eeg/sub-2140A_task-Rest_channels.tsv,2026-06-14T16:26:34
0053,sub-2141,ds003944,sub-2141,,,,17.9082819986311,F,Black,Not Hispanic,psychosis,Rest,Rest,"In this resting task, participants were asked to let their mind wander while focusing on a fixation point. The fixation point was a plus-sign projected onto a screen in the MEG recording room about 1 meter from the participant.",open,1000.0,60,300.0,300000,continuous,64,61,3,ECG:1;EEG:61;EOG:1;MISC:1,microV:61,FP1;FPz;FP2;AF7;AF3;AF4;AF6;F7;F5;F3;F1;Fz;F2;F4;F6;F8;FT9;FT7;FC5;FC1;FC2;FC6;FT8;FT10;T9;T7;C5;C3;C1;Cz;C2;C4;C6;T8;T10;TP9;TP7;CP3;CP1;CP2;CP4;TP8;TP10;P7;P5;P3;P1;Pz;P2;P4;P6;P8;PO7;PO3;PO4;PO8;O1;Oz;O2;Iz;M2,TP9,,,n/a,,,Elekta Neuromag Vectorview,University of Pittsburgh School of Medicine,sub-2141_task-Rest_eeg.vhdr,.vhdr,/mnt/datasets_v7/gokul/EEGData/ds003944/sub-2141/eeg/sub-2141_task-Rest_eeg.vhdr,/mnt/datasets_v7/gokul/EEGData/ds003944/sub-2141,/mnt/datasets_v7/gokul/EEGData/ds003944/sub-2141/eeg/sub-2141_task-Rest_eeg.json,/mnt/datasets_v7/gokul/EEGData/ds003944/sub-2141/eeg/sub-2141_task-Rest_channels.tsv,2026-06-14T16:26:34
0054,sub-2142,ds003944,sub-2142,,,,20.7994524298426,F,White,Not Hispanic,control,Rest,Rest,"In this resting task, participants were asked to let their mind wander while focusing on a fixation point. The fixation point was a plus-sign projected onto a screen in the MEG recording room about 1 meter from the participant.",open,1000.0,60,307.0,307000,continuous,64,61,3,ECG:1;EEG:61;EOG:1;MISC:1,microV:61,FP1;FPz;FP2;AF7;AF3;AF4;AF6;F7;F5;F3;F1;Fz;F2;F4;F6;F8;FT9;FT7;FC5;FC1;FC2;FC6;FT8;FT10;T9;T7;C5;C3;C1;Cz;C2;C4;C6;T8;T10;TP9;TP7;CP3;CP1;CP2;CP4;TP8;TP10;P7;P5;P3;P1;Pz;P2;P4;P6;P8;PO7;PO3;PO4;PO8;O1;Oz;O2;Iz;M2,TP9,,,n/a,,,Elekta Neuromag Vectorview,University of Pittsburgh School of Medicine,sub-2142_task-Rest_eeg.vhdr,.vhdr,/mnt/datasets_v7/gokul/EEGData/ds003944/sub-2142/eeg/sub-2142_task-Rest_eeg.vhdr,/mnt/datasets_v7/gokul/EEGData/ds003944/sub-2142,/mnt/datasets_v7/gokul/EEGData/ds003944/sub-2142/eeg/sub-2142_task-Rest_eeg.json,/mnt/datasets_v7/gokul/EEGData/ds003944/sub-2142/eeg/sub-2142_task-Rest_channels.tsv,2026-06-14T16:26:34
0055,sub-2143,ds003944,sub-2143,,,,27.5290896646133,M,White,Not Hispanic,psychosis,Rest,Rest,"In this resting task, participants were asked to let their mind wander while focusing on a fixation point. The fixation point was a plus-sign projected onto a screen in the MEG recording room about 1 meter from the participant.",open,1000.0,60,300.0,300000,continuous,64,61,3,ECG:1;EEG:61;EOG:1;MISC:1,microV:61,FP1;FPz;FP2;AF7;AF3;AF4;AF6;F7;F5;F3;F1;Fz;F2;F4;F6;F8;FT9;FT7;FC5;FC1;FC2;FC6;FT8;FT10;T9;T7;C5;C3;C1;Cz;C2;C4;C6;T8;T10;TP9;TP7;CP3;CP1;CP2;CP4;TP8;TP10;P7;P5;P3;P1;Pz;P2;P4;P6;P8;PO7;PO3;PO4;PO8;O1;Oz;O2;Iz;M2,TP9,,,n/a,,,Elekta Neuromag Vectorview,University of Pittsburgh School of Medicine,sub-2143_task-Rest_eeg.vhdr,.vhdr,/mnt/datasets_v7/gokul/EEGData/ds003944/sub-2143/eeg/sub-2143_task-Rest_eeg.vhdr,/mnt/datasets_v7/gokul/EEGData/ds003944/sub-2143,/mnt/datasets_v7/gokul/EEGData/ds003944/sub-2143/eeg/sub-2143_task-Rest_eeg.json,/mnt/datasets_v7/gokul/EEGData/ds003944/sub-2143/eeg/sub-2143_task-Rest_channels.tsv,2026-06-14T16:26:34
0056,sub-2149,ds003944,sub-2149,,,,27.9726214921287,M,White,Not Hispanic,psychosis,Rest,Rest,"In this resting task, participants were asked to let their mind wander while focusing on a fixation point. The fixation point was a plus-sign projected onto a screen in the MEG recording room about 1 meter from the participant.",open,1000.0,60,300.0,300000,continuous,64,61,3,ECG:1;EEG:61;EOG:1;MISC:1,microV:61,FP1;FPz;FP2;AF7;AF3;AF4;AF6;F7;F5;F3;F1;Fz;F2;F4;F6;F8;FT9;FT7;FC5;FC1;FC2;FC6;FT8;FT10;T9;T7;C5;C3;C1;Cz;C2;C4;C6;T8;T10;TP9;TP7;CP3;CP1;CP2;CP4;TP8;TP10;P7;P5;P3;P1;Pz;P2;P4;P6;P8;PO7;PO3;PO4;PO8;O1;Oz;O2;Iz;M2,TP9,,,n/a,,,Elekta Neuromag Vectorview,University of Pittsburgh School of Medicine,sub-2149_task-Rest_eeg.vhdr,.vhdr,/mnt/datasets_v7/gokul/EEGData/ds003944/sub-2149/eeg/sub-2149_task-Rest_eeg.vhdr,/mnt/datasets_v7/gokul/EEGData/ds003944/sub-2149,/mnt/datasets_v7/gokul/EEGData/ds003944/sub-2149/eeg/sub-2149_task-Rest_eeg.json,/mnt/datasets_v7/gokul/EEGData/ds003944/sub-2149/eeg/sub-2149_task-Rest_channels.tsv,2026-06-14T16:26:34
0057,sub-2170A,ds003944,sub-2170A,,,,29.1170431211499,M,Mixed,Not Hispanic,psychosis,Rest,Rest,"In this resting task, participants were asked to let their mind wander while focusing on a fixation point. The fixation point was a plus-sign projected onto a screen in the MEG recording room about 1 meter from the participant.",open,1000.0,60,302.0,302000,continuous,64,61,3,ECG:1;EEG:61;EOG:1;MISC:1,microV:61,FP1;FPz;FP2;AF7;AF3;AF4;AF6;F7;F5;F3;F1;Fz;F2;F4;F6;F8;FT9;FT7;FC5;FC1;FC2;FC6;FT8;FT10;T9;T7;C5;C3;C1;Cz;C2;C4;C6;T8;T10;TP9;TP7;CP3;CP1;CP2;CP4;TP8;TP10;P7;P5;P3;P1;Pz;P2;P4;P6;P8;PO7;PO3;PO4;PO8;O1;Oz;O2;Iz;M2,TP9,,,n/a,,,Elekta Neuromag Vectorview,University of Pittsburgh School of Medicine,sub-2170A_task-Rest_eeg.vhdr,.vhdr,/mnt/datasets_v7/gokul/EEGData/ds003944/sub-2170A/eeg/sub-2170A_task-Rest_eeg.vhdr,/mnt/datasets_v7/gokul/EEGData/ds003944/sub-2170A,/mnt/datasets_v7/gokul/EEGData/ds003944/sub-2170A/eeg/sub-2170A_task-Rest_eeg.json,/mnt/datasets_v7/gokul/EEGData/ds003944/sub-2170A/eeg/sub-2170A_task-Rest_channels.tsv,2026-06-14T16:26:34
0058,sub-2171,ds003944,sub-2171,,,,22.4175222450376,M,Black,Not Hispanic,psychosis,Rest,Rest,"In this resting task, participants were asked to let their mind wander while focusing on a fixation point. The fixation point was a plus-sign projected onto a screen in the MEG recording room about 1 meter from the participant.",open,1000.0,60,332.0,332000,continuous,64,61,3,ECG:1;EEG:61;EOG:1;MISC:1,microV:61,FP1;FPz;FP2;AF7;AF3;AF4;AF6;F7;F5;F3;F1;Fz;F2;F4;F6;F8;FT9;FT7;FC5;FC1;FC2;FC6;FT8;FT10;T9;T7;C5;C3;C1;Cz;C2;C4;C6;T8;T10;TP9;TP7;CP3;CP1;CP2;CP4;TP8;TP10;P7;P5;P3;P1;Pz;P2;P4;P6;P8;PO7;PO3;PO4;PO8;O1;Oz;O2;Iz;M2,TP9,,,n/a,,,Elekta Neuromag Vectorview,University of Pittsburgh School of Medicine,sub-2171_task-Rest_eeg.vhdr,.vhdr,/mnt/datasets_v7/gokul/EEGData/ds003944/sub-2171/eeg/sub-2171_task-Rest_eeg.vhdr,/mnt/datasets_v7/gokul/EEGData/ds003944/sub-2171,/mnt/datasets_v7/gokul/EEGData/ds003944/sub-2171/eeg/sub-2171_task-Rest_eeg.json,/mnt/datasets_v7/gokul/EEGData/ds003944/sub-2171/eeg/sub-2171_task-Rest_channels.tsv,2026-06-14T16:26:34
0059,sub-2174,ds003944,sub-2174,,,,19.4004106776181,F,White,Not Hispanic,psychosis,Rest,Rest,"In this resting task, participants were asked to let their mind wander while focusing on a fixation point. The fixation point was a plus-sign projected onto a screen in the MEG recording room about 1 meter from the participant.",open,1000.0,60,300.0,300000,continuous,64,61,3,ECG:1;EEG:61;EOG:1;MISC:1,microV:61,FP1;FPz;FP2;AF7;AF3;AF4;AF6;F7;F5;F3;F1;Fz;F2;F4;F6;F8;FT9;FT7;FC5;FC1;FC2;FC6;FT8;FT10;T9;T7;C5;C3;C1;Cz;C2;C4;C6;T8;T10;TP9;TP7;CP3;CP1;CP2;CP4;TP8;TP10;P7;P5;P3;P1;Pz;P2;P4;P6;P8;PO7;PO3;PO4;PO8;O1;Oz;O2;Iz;M2,TP9,,,n/a,,,Elekta Neuromag Vectorview,University of Pittsburgh School of Medicine,sub-2174_task-Rest_eeg.vhdr,.vhdr,/mnt/datasets_v7/gokul/EEGData/ds003944/sub-2174/eeg/sub-2174_task-Rest_eeg.vhdr,/mnt/datasets_v7/gokul/EEGData/ds003944/sub-2174,/mnt/datasets_v7/gokul/EEGData/ds003944/sub-2174/eeg/sub-2174_task-Rest_eeg.json,/mnt/datasets_v7/gokul/EEGData/ds003944/sub-2174/eeg/sub-2174_task-Rest_channels.tsv,2026-06-14T16:26:34
0060,sub-2174A,ds003944,sub-2174A,,,,19.4058863791923,F,White,Not Hispanic,psychosis,Rest,Rest,"In this resting task, participants were asked to let their mind wander while focusing on a fixation point. The fixation point was a plus-sign projected onto a screen in the MEG recording room about 1 meter from the participant.",open,1000.0,60,301.0,301000,continuous,64,61,3,ECG:1;EEG:61;EOG:1;MISC:1,microV:61,FP1;FPz;FP2;AF7;AF3;AF4;AF6;F7;F5;F3;F1;Fz;F2;F4;F6;F8;FT9;FT7;FC5;FC1;FC2;FC6;FT8;FT10;T9;T7;C5;C3;C1;Cz;C2;C4;C6;T8;T10;TP9;TP7;CP3;CP1;CP2;CP4;TP8;TP10;P7;P5;P3;P1;Pz;P2;P4;P6;P8;PO7;PO3;PO4;PO8;O1;Oz;O2;Iz;M2,TP9,,,n/a,,,Elekta Neuromag Vectorview,University of Pittsburgh School of Medicine,sub-2174A_task-Rest_eeg.vhdr,.vhdr,/mnt/datasets_v7/gokul/EEGData/ds003944/sub-2174A/eeg/sub-2174A_task-Rest_eeg.vhdr,/mnt/datasets_v7/gokul/EEGData/ds003944/sub-2174A,/mnt/datasets_v7/gokul/EEGData/ds003944/sub-2174A/eeg/sub-2174A_task-Rest_eeg.json,/mnt/datasets_v7/gokul/EEGData/ds003944/sub-2174A/eeg/sub-2174A_task-Rest_channels.tsv,2026-06-14T16:26:34
0061,sub-2176,ds003944,sub-2176,,,,18.8939082819986,M,Black,Not Hispanic,psychosis,Rest,Rest,"In this resting task, participants were asked to let their mind wander while focusing on a fixation point. The fixation point was a plus-sign projected onto a screen in the MEG recording room about 1 meter from the participant.",open,1000.0,60,303.0,303000,continuous,64,61,3,ECG:1;EEG:61;EOG:1;MISC:1,microV:61,FP1;FPz;FP2;AF7;AF3;AF4;AF6;F7;F5;F3;F1;Fz;F2;F4;F6;F8;FT9;FT7;FC5;FC1;FC2;FC6;FT8;FT10;T9;T7;C5;C3;C1;Cz;C2;C4;C6;T8;T10;TP9;TP7;CP3;CP1;CP2;CP4;TP8;TP10;P7;P5;P3;P1;Pz;P2;P4;P6;P8;PO7;PO3;PO4;PO8;O1;Oz;O2;Iz;M2,TP9,,,n/a,,,Elekta Neuromag Vectorview,University of Pittsburgh School of Medicine,sub-2176_task-Rest_eeg.vhdr,.vhdr,/mnt/datasets_v7/gokul/EEGData/ds003944/sub-2176/eeg/sub-2176_task-Rest_eeg.vhdr,/mnt/datasets_v7/gokul/EEGData/ds003944/sub-2176,/mnt/datasets_v7/gokul/EEGData/ds003944/sub-2176/eeg/sub-2176_task-Rest_eeg.json,/mnt/datasets_v7/gokul/EEGData/ds003944/sub-2176/eeg/sub-2176_task-Rest_channels.tsv,2026-06-14T16:26:34
0062,sub-2176A,ds003944,sub-2176A,,,,18.9459274469541,M,Black,Not Hispanic,psychosis,Rest,Rest,"In this resting task, participants were asked to let their mind wander while focusing on a fixation point. The fixation point was a plus-sign projected onto a screen in the MEG recording room about 1 meter from the participant.",open,1000.0,60,317.0,317000,continuous,64,61,3,ECG:1;EEG:61;EOG:1;MISC:1,microV:61,FP1;FPz;FP2;AF7;AF3;AF4;AF6;F7;F5;F3;F1;Fz;F2;F4;F6;F8;FT9;FT7;FC5;FC1;FC2;FC6;FT8;FT10;T9;T7;C5;C3;C1;Cz;C2;C4;C6;T8;T10;TP9;TP7;CP3;CP1;CP2;CP4;TP8;TP10;P7;P5;P3;P1;Pz;P2;P4;P6;P8;PO7;PO3;PO4;PO8;O1;Oz;O2;Iz;M2,TP9,,,n/a,,,Elekta Neuromag Vectorview,University of Pittsburgh School of Medicine,sub-2176A_task-Rest_eeg.vhdr,.vhdr,/mnt/datasets_v7/gokul/EEGData/ds003944/sub-2176A/eeg/sub-2176A_task-Rest_eeg.vhdr,/mnt/datasets_v7/gokul/EEGData/ds003944/sub-2176A,/mnt/datasets_v7/gokul/EEGData/ds003944/sub-2176A/eeg/sub-2176A_task-Rest_eeg.json,/mnt/datasets_v7/gokul/EEGData/ds003944/sub-2176A/eeg/sub-2176A_task-Rest_channels.tsv,2026-06-14T16:26:34
0063,sub-2177,ds003944,sub-2177,,,,21.3963039014374,F,White,Not Hispanic,psychosis,Rest,Rest,"In this resting task, participants were asked to let their mind wander while focusing on a fixation point. The fixation point was a plus-sign projected onto a screen in the MEG recording room about 1 meter from the participant.",open,1000.0,60,306.0,306000,continuous,64,61,3,ECG:1;EEG:61;EOG:1;MISC:1,microV:61,FP1;FPz;FP2;AF7;AF3;AF4;AF6;F7;F5;F3;F1;Fz;F2;F4;F6;F8;FT9;FT7;FC5;FC1;FC2;FC6;FT8;FT10;T9;T7;C5;C3;C1;Cz;C2;C4;C6;T8;T10;TP9;TP7;CP3;CP1;CP2;CP4;TP8;TP10;P7;P5;P3;P1;Pz;P2;P4;P6;P8;PO7;PO3;PO4;PO8;O1;Oz;O2;Iz;M2,TP9,,,n/a,,,Elekta Neuromag Vectorview,University of Pittsburgh School of Medicine,sub-2177_task-Rest_eeg.vhdr,.vhdr,/mnt/datasets_v7/gokul/EEGData/ds003944/sub-2177/eeg/sub-2177_task-Rest_eeg.vhdr,/mnt/datasets_v7/gokul/EEGData/ds003944/sub-2177,/mnt/datasets_v7/gokul/EEGData/ds003944/sub-2177/eeg/sub-2177_task-Rest_eeg.json,/mnt/datasets_v7/gokul/EEGData/ds003944/sub-2177/eeg/sub-2177_task-Rest_channels.tsv,2026-06-14T16:26:34
0064,sub-2177A,ds003944,sub-2177A,,,,21.4154688569473,F,White,Not Hispanic,psychosis,Rest,Rest,"In this resting task, participants were asked to let their mind wander while focusing on a fixation point. The fixation point was a plus-sign projected onto a screen in the MEG recording room about 1 meter from the participant.",open,1000.0,60,324.0,324000,continuous,64,61,3,ECG:1;EEG:61;EOG:1;MISC:1,microV:61,FP1;FPz;FP2;AF7;AF3;AF4;AF6;F7;F5;F3;F1;Fz;F2;F4;F6;F8;FT9;FT7;FC5;FC1;FC2;FC6;FT8;FT10;T9;T7;C5;C3;C1;Cz;C2;C4;C6;T8;T10;TP9;TP7;CP3;CP1;CP2;CP4;TP8;TP10;P7;P5;P3;P1;Pz;P2;P4;P6;P8;PO7;PO3;PO4;PO8;O1;Oz;O2;Iz;M2,TP9,,,n/a,,,Elekta Neuromag Vectorview,University of Pittsburgh School of Medicine,sub-2177A_task-Rest_eeg.vhdr,.vhdr,/mnt/datasets_v7/gokul/EEGData/ds003944/sub-2177A/eeg/sub-2177A_task-Rest_eeg.vhdr,/mnt/datasets_v7/gokul/EEGData/ds003944/sub-2177A,/mnt/datasets_v7/gokul/EEGData/ds003944/sub-2177A/eeg/sub-2177A_task-Rest_eeg.json,/mnt/datasets_v7/gokul/EEGData/ds003944/sub-2177A/eeg/sub-2177A_task-Rest_channels.tsv,2026-06-14T16:26:34
0065,sub-2178,ds003944,sub-2178,,,,20.1752224503765,M,Mixed,Not Hispanic,psychosis,Rest,Rest,"In this resting task, participants were asked to let their mind wander while focusing on a fixation point. The fixation point was a plus-sign projected onto a screen in the MEG recording room about 1 meter from the participant.",open,1000.0,60,319.0,319000,continuous,64,61,3,ECG:1;EEG:61;EOG:1;MISC:1,microV:61,FP1;FPz;FP2;AF7;AF3;AF4;AF6;F7;F5;F3;F1;Fz;F2;F4;F6;F8;FT9;FT7;FC5;FC1;FC2;FC6;FT8;FT10;T9;T7;C5;C3;C1;Cz;C2;C4;C6;T8;T10;TP9;TP7;CP3;CP1;CP2;CP4;TP8;TP10;P7;P5;P3;P1;Pz;P2;P4;P6;P8;PO7;PO3;PO4;PO8;O1;Oz;O2;Iz;M2,TP9,,,n/a,,,Elekta Neuromag Vectorview,University of Pittsburgh School of Medicine,sub-2178_task-Rest_eeg.vhdr,.vhdr,/mnt/datasets_v7/gokul/EEGData/ds003944/sub-2178/eeg/sub-2178_task-Rest_eeg.vhdr,/mnt/datasets_v7/gokul/EEGData/ds003944/sub-2178,/mnt/datasets_v7/gokul/EEGData/ds003944/sub-2178/eeg/sub-2178_task-Rest_eeg.json,/mnt/datasets_v7/gokul/EEGData/ds003944/sub-2178/eeg/sub-2178_task-Rest_channels.tsv,2026-06-14T16:26:34
0066,sub-2179,ds003944,sub-2179,,,,27.2060232717317,M,White,Not Hispanic,psychosis,Rest,Rest,"In this resting task, participants were asked to let their mind wander while focusing on a fixation point. The fixation point was a plus-sign projected onto a screen in the MEG recording room about 1 meter from the participant.",open,1000.0,60,307.0,307000,continuous,64,61,3,ECG:1;EEG:61;EOG:1;MISC:1,microV:61,FP1;FPz;FP2;AF7;AF3;AF4;AF6;F7;F5;F3;F1;Fz;F2;F4;F6;F8;FT9;FT7;FC5;FC1;FC2;FC6;FT8;FT10;T9;T7;C5;C3;C1;Cz;C2;C4;C6;T8;T10;TP9;TP7;CP3;CP1;CP2;CP4;TP8;TP10;P7;P5;P3;P1;Pz;P2;P4;P6;P8;PO7;PO3;PO4;PO8;O1;Oz;O2;Iz;M2,TP9,,,n/a,,,Elekta Neuromag Vectorview,University of Pittsburgh School of Medicine,sub-2179_task-Rest_eeg.vhdr,.vhdr,/mnt/datasets_v7/gokul/EEGData/ds003944/sub-2179/eeg/sub-2179_task-Rest_eeg.vhdr,/mnt/datasets_v7/gokul/EEGData/ds003944/sub-2179,/mnt/datasets_v7/gokul/EEGData/ds003944/sub-2179/eeg/sub-2179_task-Rest_eeg.json,/mnt/datasets_v7/gokul/EEGData/ds003944/sub-2179/eeg/sub-2179_task-Rest_channels.tsv,2026-06-14T16:26:34
0067,sub-2184A,ds003944,sub-2184A,,,,23.4442162902122,M,Black,Not Hispanic,psychosis,Rest,Rest,"In this resting task, participants were asked to let their mind wander while focusing on a fixation point. The fixation point was a plus-sign projected onto a screen in the MEG recording room about 1 meter from the participant.",open,1000.0,60,302.0,302000,continuous,64,61,3,ECG:1;EEG:61;EOG:1;MISC:1,microV:61,FP1;FPz;FP2;AF7;AF3;AF4;AF6;F7;F5;F3;F1;Fz;F2;F4;F6;F8;FT9;FT7;FC5;FC1;FC2;FC6;FT8;FT10;T9;T7;C5;C3;C1;Cz;C2;C4;C6;T8;T10;TP9;TP7;CP3;CP1;CP2;CP4;TP8;TP10;P7;P5;P3;P1;Pz;P2;P4;P6;P8;PO7;PO3;PO4;PO8;O1;Oz;O2;Iz;M2,TP9,,,n/a,,,Elekta Neuromag Vectorview,University of Pittsburgh School of Medicine,sub-2184A_task-Rest_eeg.vhdr,.vhdr,/mnt/datasets_v7/gokul/EEGData/ds003944/sub-2184A/eeg/sub-2184A_task-Rest_eeg.vhdr,/mnt/datasets_v7/gokul/EEGData/ds003944/sub-2184A,/mnt/datasets_v7/gokul/EEGData/ds003944/sub-2184A/eeg/sub-2184A_task-Rest_eeg.json,/mnt/datasets_v7/gokul/EEGData/ds003944/sub-2184A/eeg/sub-2184A_task-Rest_channels.tsv,2026-06-14T16:26:34
0068,sub-2187,ds003944,sub-2187,,,,23.3401779603012,F,Black,Hispanic,psychosis,Rest,Rest,"In this resting task, participants were asked to let their mind wander while focusing on a fixation point. The fixation point was a plus-sign projected onto a screen in the MEG recording room about 1 meter from the participant.",open,1000.0,60,307.0,307000,continuous,64,61,3,ECG:1;EEG:61;EOG:1;MISC:1,microV:61,FP1;FPz;FP2;AF7;AF3;AF4;AF6;F7;F5;F3;F1;Fz;F2;F4;F6;F8;FT9;FT7;FC5;FC1;FC2;FC6;FT8;FT10;T9;T7;C5;C3;C1;Cz;C2;C4;C6;T8;T10;TP9;TP7;CP3;CP1;CP2;CP4;TP8;TP10;P7;P5;P3;P1;Pz;P2;P4;P6;P8;PO7;PO3;PO4;PO8;O1;Oz;O2;Iz;M2,TP9,,,n/a,,,Elekta Neuromag Vectorview,University of Pittsburgh School of Medicine,sub-2187_task-Rest_eeg.vhdr,.vhdr,/mnt/datasets_v7/gokul/EEGData/ds003944/sub-2187/eeg/sub-2187_task-Rest_eeg.vhdr,/mnt/datasets_v7/gokul/EEGData/ds003944/sub-2187,/mnt/datasets_v7/gokul/EEGData/ds003944/sub-2187/eeg/sub-2187_task-Rest_eeg.json,/mnt/datasets_v7/gokul/EEGData/ds003944/sub-2187/eeg/sub-2187_task-Rest_channels.tsv,2026-06-14T16:26:34
0069,sub-2193,ds003944,sub-2193,,,,19.7371663244353,M,White,Not Hispanic,control,Rest,Rest,"In this resting task, participants were asked to let their mind wander while focusing on a fixation point. The fixation point was a plus-sign projected onto a screen in the MEG recording room about 1 meter from the participant.",open,1000.0,60,303.0,303000,continuous,64,61,3,ECG:1;EEG:61;EOG:1;MISC:1,microV:61,FP1;FPz;FP2;AF7;AF3;AF4;AF6;F7;F5;F3;F1;Fz;F2;F4;F6;F8;FT9;FT7;FC5;FC1;FC2;FC6;FT8;FT10;T9;T7;C5;C3;C1;Cz;C2;C4;C6;T8;T10;TP9;TP7;CP3;CP1;CP2;CP4;TP8;TP10;P7;P5;P3;P1;Pz;P2;P4;P6;P8;PO7;PO3;PO4;PO8;O1;Oz;O2;Iz;M2,TP9,,,n/a,,,Elekta Neuromag Vectorview,University of Pittsburgh School of Medicine,sub-2193_task-Rest_eeg.vhdr,.vhdr,/mnt/datasets_v7/gokul/EEGData/ds003944/sub-2193/eeg/sub-2193_task-Rest_eeg.vhdr,/mnt/datasets_v7/gokul/EEGData/ds003944/sub-2193,/mnt/datasets_v7/gokul/EEGData/ds003944/sub-2193/eeg/sub-2193_task-Rest_eeg.json,/mnt/datasets_v7/gokul/EEGData/ds003944/sub-2193/eeg/sub-2193_task-Rest_channels.tsv,2026-06-14T16:26:34
0070,sub-2193A,ds003944,sub-2193A,,,,19.7399041752225,M,White,Not Hispanic,control,Rest,Rest,"In this resting task, participants were asked to let their mind wander while focusing on a fixation point. The fixation point was a plus-sign projected onto a screen in the MEG recording room about 1 meter from the participant.",open,1000.0,60,302.0,302000,continuous,64,61,3,ECG:1;EEG:61;EOG:1;MISC:1,microV:61,FP1;FPz;FP2;AF7;AF3;AF4;AF6;F7;F5;F3;F1;Fz;F2;F4;F6;F8;FT9;FT7;FC5;FC1;FC2;FC6;FT8;FT10;T9;T7;C5;C3;C1;Cz;C2;C4;C6;T8;T10;TP9;TP7;CP3;CP1;CP2;CP4;TP8;TP10;P7;P5;P3;P1;Pz;P2;P4;P6;P8;PO7;PO3;PO4;PO8;O1;Oz;O2;Iz;M2,TP9,,,n/a,,,Elekta Neuromag Vectorview,University of Pittsburgh School of Medicine,sub-2193A_task-Rest_eeg.vhdr,.vhdr,/mnt/datasets_v7/gokul/EEGData/ds003944/sub-2193A/eeg/sub-2193A_task-Rest_eeg.vhdr,/mnt/datasets_v7/gokul/EEGData/ds003944/sub-2193A,/mnt/datasets_v7/gokul/EEGData/ds003944/sub-2193A/eeg/sub-2193A_task-Rest_eeg.json,/mnt/datasets_v7/gokul/EEGData/ds003944/sub-2193A/eeg/sub-2193A_task-Rest_channels.tsv,2026-06-14T16:26:34
0071,sub-2195,ds003944,sub-2195,,,,29.2484599589322,M,Asian,Not Hispanic,psychosis,Rest,Rest,"In this resting task, participants were asked to let their mind wander while focusing on a fixation point. The fixation point was a plus-sign projected onto a screen in the MEG recording room about 1 meter from the participant.",open,1000.0,60,300.0,300000,continuous,64,61,3,ECG:1;EEG:61;EOG:1;MISC:1,microV:61,FP1;FPz;FP2;AF7;AF3;AF4;AF6;F7;F5;F3;F1;Fz;F2;F4;F6;F8;FT9;FT7;FC5;FC1;FC2;FC6;FT8;FT10;T9;T7;C5;C3;C1;Cz;C2;C4;C6;T8;T10;TP9;TP7;CP3;CP1;CP2;CP4;TP8;TP10;P7;P5;P3;P1;Pz;P2;P4;P6;P8;PO7;PO3;PO4;PO8;O1;Oz;O2;Iz;M2,TP9,,,n/a,,,Elekta Neuromag Vectorview,University of Pittsburgh School of Medicine,sub-2195_task-Rest_eeg.vhdr,.vhdr,/mnt/datasets_v7/gokul/EEGData/ds003944/sub-2195/eeg/sub-2195_task-Rest_eeg.vhdr,/mnt/datasets_v7/gokul/EEGData/ds003944/sub-2195,/mnt/datasets_v7/gokul/EEGData/ds003944/sub-2195/eeg/sub-2195_task-Rest_eeg.json,/mnt/datasets_v7/gokul/EEGData/ds003944/sub-2195/eeg/sub-2195_task-Rest_channels.tsv,2026-06-14T16:26:34
0072,sub-2196,ds003944,sub-2196,,,,17.2292950034223,F,White,Not Hispanic,control,Rest,Rest,"In this resting task, participants were asked to let their mind wander while focusing on a fixation point. The fixation point was a plus-sign projected onto a screen in the MEG recording room about 1 meter from the participant.",open,1000.0,60,301.0,301000,continuous,64,61,3,ECG:1;EEG:61;EOG:1;MISC:1,microV:61,FP1;FPz;FP2;AF7;AF3;AF4;AF6;F7;F5;F3;F1;Fz;F2;F4;F6;F8;FT9;FT7;FC5;FC1;FC2;FC6;FT8;FT10;T9;T7;C5;C3;C1;Cz;C2;C4;C6;T8;T10;TP9;TP7;CP3;CP1;CP2;CP4;TP8;TP10;P7;P5;P3;P1;Pz;P2;P4;P6;P8;PO7;PO3;PO4;PO8;O1;Oz;O2;Iz;M2,TP9,,,n/a,,,Elekta Neuromag Vectorview,University of Pittsburgh School of Medicine,sub-2196_task-Rest_eeg.vhdr,.vhdr,/mnt/datasets_v7/gokul/EEGData/ds003944/sub-2196/eeg/sub-2196_task-Rest_eeg.vhdr,/mnt/datasets_v7/gokul/EEGData/ds003944/sub-2196,/mnt/datasets_v7/gokul/EEGData/ds003944/sub-2196/eeg/sub-2196_task-Rest_eeg.json,/mnt/datasets_v7/gokul/EEGData/ds003944/sub-2196/eeg/sub-2196_task-Rest_channels.tsv,2026-06-14T16:26:34
0073,sub-2197,ds003944,sub-2197,,,,30.5352498288843,M,White,Not Hispanic,psychosis,Rest,Rest,"In this resting task, participants were asked to let their mind wander while focusing on a fixation point. The fixation point was a plus-sign projected onto a screen in the MEG recording room about 1 meter from the participant.",open,1000.0,60,306.0,306000,continuous,64,61,3,ECG:1;EEG:61;EOG:1;MISC:1,microV:61,FP1;FPz;FP2;AF7;AF3;AF4;AF6;F7;F5;F3;F1;Fz;F2;F4;F6;F8;FT9;FT7;FC5;FC1;FC2;FC6;FT8;FT10;T9;T7;C5;C3;C1;Cz;C2;C4;C6;T8;T10;TP9;TP7;CP3;CP1;CP2;CP4;TP8;TP10;P7;P5;P3;P1;Pz;P2;P4;P6;P8;PO7;PO3;PO4;PO8;O1;Oz;O2;Iz;M2,TP9,,,n/a,,,Elekta Neuromag Vectorview,University of Pittsburgh School of Medicine,sub-2197_task-Rest_eeg.vhdr,.vhdr,/mnt/datasets_v7/gokul/EEGData/ds003944/sub-2197/eeg/sub-2197_task-Rest_eeg.vhdr,/mnt/datasets_v7/gokul/EEGData/ds003944/sub-2197,/mnt/datasets_v7/gokul/EEGData/ds003944/sub-2197/eeg/sub-2197_task-Rest_eeg.json,/mnt/datasets_v7/gokul/EEGData/ds003944/sub-2197/eeg/sub-2197_task-Rest_channels.tsv,2026-06-14T16:26:34
0074,sub-2199,ds003944,sub-2199,,,,27.0171115674196,M,White,Not Hispanic,control,Rest,Rest,"In this resting task, participants were asked to let their mind wander while focusing on a fixation point. The fixation point was a plus-sign projected onto a screen in the MEG recording room about 1 meter from the participant.",open,1000.0,60,322.0,322000,continuous,64,61,3,ECG:1;EEG:61;EOG:1;MISC:1,microV:61,FP1;FPz;FP2;AF7;AF3;AF4;AF6;F7;F5;F3;F1;Fz;F2;F4;F6;F8;FT9;FT7;FC5;FC1;FC2;FC6;FT8;FT10;T9;T7;C5;C3;C1;Cz;C2;C4;C6;T8;T10;TP9;TP7;CP3;CP1;CP2;CP4;TP8;TP10;P7;P5;P3;P1;Pz;P2;P4;P6;P8;PO7;PO3;PO4;PO8;O1;Oz;O2;Iz;M2,TP9,,,n/a,,,Elekta Neuromag Vectorview,University of Pittsburgh School of Medicine,sub-2199_task-Rest_eeg.vhdr,.vhdr,/mnt/datasets_v7/gokul/EEGData/ds003944/sub-2199/eeg/sub-2199_task-Rest_eeg.vhdr,/mnt/datasets_v7/gokul/EEGData/ds003944/sub-2199,/mnt/datasets_v7/gokul/EEGData/ds003944/sub-2199/eeg/sub-2199_task-Rest_eeg.json,/mnt/datasets_v7/gokul/EEGData/ds003944/sub-2199/eeg/sub-2199_task-Rest_channels.tsv,2026-06-14T16:26:34
0075,sub-2213,ds003944,sub-2213,,,,28.0903490759754,M,Asian,Not Hispanic,control,Rest,Rest,"In this resting task, participants were asked to let their mind wander while focusing on a fixation point. The fixation point was a plus-sign projected onto a screen in the MEG recording room about 1 meter from the participant.",open,1000.0,60,302.0,302000,continuous,64,61,3,ECG:1;EEG:61;EOG:1;MISC:1,microV:61,FP1;FPz;FP2;AF7;AF3;AF4;AF6;F7;F5;F3;F1;Fz;F2;F4;F6;F8;FT9;FT7;FC5;FC1;FC2;FC6;FT8;FT10;T9;T7;C5;C3;C1;Cz;C2;C4;C6;T8;T10;TP9;TP7;CP3;CP1;CP2;CP4;TP8;TP10;P7;P5;P3;P1;Pz;P2;P4;P6;P8;PO7;PO3;PO4;PO8;O1;Oz;O2;Iz;M2,TP9,,,n/a,,,Elekta Neuromag Vectorview,University of Pittsburgh School of Medicine,sub-2213_task-Rest_eeg.vhdr,.vhdr,/mnt/datasets_v7/gokul/EEGData/ds003944/sub-2213/eeg/sub-2213_task-Rest_eeg.vhdr,/mnt/datasets_v7/gokul/EEGData/ds003944/sub-2213,/mnt/datasets_v7/gokul/EEGData/ds003944/sub-2213/eeg/sub-2213_task-Rest_eeg.json,/mnt/datasets_v7/gokul/EEGData/ds003944/sub-2213/eeg/sub-2213_task-Rest_channels.tsv,2026-06-14T16:26:34
0076,sub-2214A,ds003944,sub-2214A,,,,29.0814510609172,M,White,Not Hispanic,control,Rest,Rest,"In this resting task, participants were asked to let their mind wander while focusing on a fixation point. The fixation point was a plus-sign projected onto a screen in the MEG recording room about 1 meter from the participant.",open,1000.0,60,303.0,303000,continuous,64,61,3,ECG:1;EEG:61;EOG:1;MISC:1,microV:61,FP1;FPz;FP2;AF7;AF3;AF4;AF6;F7;F5;F3;F1;Fz;F2;F4;F6;F8;FT9;FT7;FC5;FC1;FC2;FC6;FT8;FT10;T9;T7;C5;C3;C1;Cz;C2;C4;C6;T8;T10;TP9;TP7;CP3;CP1;CP2;CP4;TP8;TP10;P7;P5;P3;P1;Pz;P2;P4;P6;P8;PO7;PO3;PO4;PO8;O1;Oz;O2;Iz;M2,TP9,,,n/a,,,Elekta Neuromag Vectorview,University of Pittsburgh School of Medicine,sub-2214A_task-Rest_eeg.vhdr,.vhdr,/mnt/datasets_v7/gokul/EEGData/ds003944/sub-2214A/eeg/sub-2214A_task-Rest_eeg.vhdr,/mnt/datasets_v7/gokul/EEGData/ds003944/sub-2214A,/mnt/datasets_v7/gokul/EEGData/ds003944/sub-2214A/eeg/sub-2214A_task-Rest_eeg.json,/mnt/datasets_v7/gokul/EEGData/ds003944/sub-2214A/eeg/sub-2214A_task-Rest_channels.tsv,2026-06-14T16:26:34
0077,sub-2217A,ds003944,sub-2217A,,,,20.3668720054757,M,White,Not Hispanic,psychosis,Rest,Rest,"In this resting task, participants were asked to let their mind wander while focusing on a fixation point. The fixation point was a plus-sign projected onto a screen in the MEG recording room about 1 meter from the participant.",open,1000.0,60,303.0,303000,continuous,64,61,3,ECG:1;EEG:61;EOG:1;MISC:1,microV:61,FP1;FPz;FP2;AF7;AF3;AF4;AF6;F7;F5;F3;F1;Fz;F2;F4;F6;F8;FT9;FT7;FC5;FC1;FC2;FC6;FT8;FT10;T9;T7;C5;C3;C1;Cz;C2;C4;C6;T8;T10;TP9;TP7;CP3;CP1;CP2;CP4;TP8;TP10;P7;P5;P3;P1;Pz;P2;P4;P6;P8;PO7;PO3;PO4;PO8;O1;Oz;O2;Iz;M2,TP9,,,n/a,,,Elekta Neuromag Vectorview,University of Pittsburgh School of Medicine,sub-2217A_task-Rest_eeg.vhdr,.vhdr,/mnt/datasets_v7/gokul/EEGData/ds003944/sub-2217A/eeg/sub-2217A_task-Rest_eeg.vhdr,/mnt/datasets_v7/gokul/EEGData/ds003944/sub-2217A,/mnt/datasets_v7/gokul/EEGData/ds003944/sub-2217A/eeg/sub-2217A_task-Rest_eeg.json,/mnt/datasets_v7/gokul/EEGData/ds003944/sub-2217A/eeg/sub-2217A_task-Rest_channels.tsv,2026-06-14T16:26:34
0078,sub-2218,ds003944,sub-2218,,,,19.3949349760438,F,White,Not Hispanic,psychosis,Rest,Rest,"In this resting task, participants were asked to let their mind wander while focusing on a fixation point. The fixation point was a plus-sign projected onto a screen in the MEG recording room about 1 meter from the participant.",open,1000.0,60,300.0,300000,continuous,64,61,3,ECG:1;EEG:61;EOG:1;MISC:1,microV:61,FP1;FPz;FP2;AF7;AF3;AF4;AF6;F7;F5;F3;F1;Fz;F2;F4;F6;F8;FT9;FT7;FC5;FC1;FC2;FC6;FT8;FT10;T9;T7;C5;C3;C1;Cz;C2;C4;C6;T8;T10;TP9;TP7;CP3;CP1;CP2;CP4;TP8;TP10;P7;P5;P3;P1;Pz;P2;P4;P6;P8;PO7;PO3;PO4;PO8;O1;Oz;O2;Iz;M2,TP9,,,n/a,,,Elekta Neuromag Vectorview,University of Pittsburgh School of Medicine,sub-2218_task-Rest_eeg.vhdr,.vhdr,/mnt/datasets_v7/gokul/EEGData/ds003944/sub-2218/eeg/sub-2218_task-Rest_eeg.vhdr,/mnt/datasets_v7/gokul/EEGData/ds003944/sub-2218,/mnt/datasets_v7/gokul/EEGData/ds003944/sub-2218/eeg/sub-2218_task-Rest_eeg.json,/mnt/datasets_v7/gokul/EEGData/ds003944/sub-2218/eeg/sub-2218_task-Rest_channels.tsv,2026-06-14T16:26:34
0079,sub-2221,ds003944,sub-2221,,,,23.8767967145791,M,White,Hispanic,control,Rest,Rest,"In this resting task, participants were asked to let their mind wander while focusing on a fixation point. The fixation point was a plus-sign projected onto a screen in the MEG recording room about 1 meter from the participant.",open,1000.0,60,304.0,304000,continuous,64,61,3,ECG:1;EEG:61;EOG:1;MISC:1,microV:61,FP1;FPz;FP2;AF7;AF3;AF4;AF6;F7;F5;F3;F1;Fz;F2;F4;F6;F8;FT9;FT7;FC5;FC1;FC2;FC6;FT8;FT10;T9;T7;C5;C3;C1;Cz;C2;C4;C6;T8;T10;TP9;TP7;CP3;CP1;CP2;CP4;TP8;TP10;P7;P5;P3;P1;Pz;P2;P4;P6;P8;PO7;PO3;PO4;PO8;O1;Oz;O2;Iz;M2,TP9,,,n/a,,,Elekta Neuromag Vectorview,University of Pittsburgh School of Medicine,sub-2221_task-Rest_eeg.vhdr,.vhdr,/mnt/datasets_v7/gokul/EEGData/ds003944/sub-2221/eeg/sub-2221_task-Rest_eeg.vhdr,/mnt/datasets_v7/gokul/EEGData/ds003944/sub-2221,/mnt/datasets_v7/gokul/EEGData/ds003944/sub-2221/eeg/sub-2221_task-Rest_eeg.json,/mnt/datasets_v7/gokul/EEGData/ds003944/sub-2221/eeg/sub-2221_task-Rest_channels.tsv,2026-06-14T16:26:34
0080,sub-2221A,ds003944,sub-2221A,,,,23.9397672826831,M,White,Hispanic,control,Rest,Rest,"In this resting task, participants were asked to let their mind wander while focusing on a fixation point. The fixation point was a plus-sign projected onto a screen in the MEG recording room about 1 meter from the participant.",open,1000.0,60,318.0,318000,continuous,64,61,3,ECG:1;EEG:61;EOG:1;MISC:1,microV:61,FP1;FPz;FP2;AF7;AF3;AF4;AF6;F7;F5;F3;F1;Fz;F2;F4;F6;F8;FT9;FT7;FC5;FC1;FC2;FC6;FT8;FT10;T9;T7;C5;C3;C1;Cz;C2;C4;C6;T8;T10;TP9;TP7;CP3;CP1;CP2;CP4;TP8;TP10;P7;P5;P3;P1;Pz;P2;P4;P6;P8;PO7;PO3;PO4;PO8;O1;Oz;O2;Iz;M2,TP9,,,n/a,,,Elekta Neuromag Vectorview,University of Pittsburgh School of Medicine,sub-2221A_task-Rest_eeg.vhdr,.vhdr,/mnt/datasets_v7/gokul/EEGData/ds003944/sub-2221A/eeg/sub-2221A_task-Rest_eeg.vhdr,/mnt/datasets_v7/gokul/EEGData/ds003944/sub-2221A,/mnt/datasets_v7/gokul/EEGData/ds003944/sub-2221A/eeg/sub-2221A_task-Rest_eeg.json,/mnt/datasets_v7/gokul/EEGData/ds003944/sub-2221A/eeg/sub-2221A_task-Rest_channels.tsv,2026-06-14T16:26:34
0081,sub-2222,ds003944,sub-2222,,,,30.4804928131417,M,White,Not Hispanic,control,Rest,Rest,"In this resting task, participants were asked to let their mind wander while focusing on a fixation point. The fixation point was a plus-sign projected onto a screen in the MEG recording room about 1 meter from the participant.",open,1000.0,60,306.0,306000,continuous,64,61,3,ECG:1;EEG:61;EOG:1;MISC:1,microV:61,FP1;FPz;FP2;AF7;AF3;AF4;AF6;F7;F5;F3;F1;Fz;F2;F4;F6;F8;FT9;FT7;FC5;FC1;FC2;FC6;FT8;FT10;T9;T7;C5;C3;C1;Cz;C2;C4;C6;T8;T10;TP9;TP7;CP3;CP1;CP2;CP4;TP8;TP10;P7;P5;P3;P1;Pz;P2;P4;P6;P8;PO7;PO3;PO4;PO8;O1;Oz;O2;Iz;M2,TP9,,,n/a,,,Elekta Neuromag Vectorview,University of Pittsburgh School of Medicine,sub-2222_task-Rest_eeg.vhdr,.vhdr,/mnt/datasets_v7/gokul/EEGData/ds003944/sub-2222/eeg/sub-2222_task-Rest_eeg.vhdr,/mnt/datasets_v7/gokul/EEGData/ds003944/sub-2222,/mnt/datasets_v7/gokul/EEGData/ds003944/sub-2222/eeg/sub-2222_task-Rest_eeg.json,/mnt/datasets_v7/gokul/EEGData/ds003944/sub-2222/eeg/sub-2222_task-Rest_channels.tsv,2026-06-14T16:26:34
0082,sub-2223,ds003944,sub-2223,,,,12.7994524298426,F,White,Not Hispanic,control,Rest,Rest,"In this resting task, participants were asked to let their mind wander while focusing on a fixation point. The fixation point was a plus-sign projected onto a screen in the MEG recording room about 1 meter from the participant.",open,1000.0,60,301.0,301000,continuous,64,61,3,ECG:1;EEG:61;EOG:1;MISC:1,microV:61,FP1;FPz;FP2;AF7;AF3;AF4;AF6;F7;F5;F3;F1;Fz;F2;F4;F6;F8;FT9;FT7;FC5;FC1;FC2;FC6;FT8;FT10;T9;T7;C5;C3;C1;Cz;C2;C4;C6;T8;T10;TP9;TP7;CP3;CP1;CP2;CP4;TP8;TP10;P7;P5;P3;P1;Pz;P2;P4;P6;P8;PO7;PO3;PO4;PO8;O1;Oz;O2;Iz;M2,TP9,,,n/a,,,Elekta Neuromag Vectorview,University of Pittsburgh School of Medicine,sub-2223_task-Rest_eeg.vhdr,.vhdr,/mnt/datasets_v7/gokul/EEGData/ds003944/sub-2223/eeg/sub-2223_task-Rest_eeg.vhdr,/mnt/datasets_v7/gokul/EEGData/ds003944/sub-2223,/mnt/datasets_v7/gokul/EEGData/ds003944/sub-2223/eeg/sub-2223_task-Rest_eeg.json,/mnt/datasets_v7/gokul/EEGData/ds003944/sub-2223/eeg/sub-2223_task-Rest_channels.tsv,2026-06-14T16:26:34
